calendar_date,date_source,video_id,video_url,title,transcript_path,channel,slug,asset,weight_pct,size,instrument,confidence
,,-gjdC4MAeFg,https://www.youtube.com/watch?v=-gjdC4MAeFg,The Bitcoin Opportunity,youtube/transcripts-top/crypto-currently/undated-the-bitcoin-opportunity.md,crypto-currently,crypto-currently,SOL,,small,spot,0.9
,,-gjdC4MAeFg,https://www.youtube.com/watch?v=-gjdC4MAeFg,The Bitcoin Opportunity,youtube/transcripts-top/crypto-currently/undated-the-bitcoin-opportunity.md,crypto-currently,crypto-currently,USD,,medium,cash,0.7
,,0HKX7g1JfIw,https://www.youtube.com/watch?v=0HKX7g1JfIw,The Bitcoin Left-Translated Cycle,youtube/transcripts-top/crypto-currently/undated-the-bitcoin-left-translated-cycle.md,crypto-currently,crypto-currently,USD,,medium,cash,0.7
,,0OLdoztci8c,https://www.youtube.com/watch?v=0OLdoztci8c,Here We Go Again,youtube/transcripts-top/crypto-currently/undated-here-we-go-again.md,crypto-currently,crypto-currently,BTC,80.0,large,spot,0.9
,,0OLdoztci8c,https://www.youtube.com/watch?v=0OLdoztci8c,Here We Go Again,youtube/transcripts-top/crypto-currently/undated-here-we-go-again.md,crypto-currently,crypto-currently,SOL,13.0,medium,spot,0.9
,,0OLdoztci8c,https://www.youtube.com/watch?v=0OLdoztci8c,Here We Go Again,youtube/transcripts-top/crypto-currently/undated-here-we-go-again.md,crypto-currently,crypto-currently,ETH,15.0,small,spot,0.9
,,0OLdoztci8c,https://www.youtube.com/watch?v=0OLdoztci8c,Here We Go Again,youtube/transcripts-top/crypto-currently/undated-here-we-go-again.md,crypto-currently,crypto-currently,USD,10.0,small,cash,0.7
,,0iniqdANXgg,https://www.youtube.com/watch?v=0iniqdANXgg,This Changes Everything,youtube/transcripts-top/crypto-currently/undated-this-changes-everything-0iniqdANXgg.md,crypto-currently,crypto-currently,BTC,,medium,spot,0.9
,,0iniqdANXgg,https://www.youtube.com/watch?v=0iniqdANXgg,This Changes Everything,youtube/transcripts-top/crypto-currently/undated-this-changes-everything-0iniqdANXgg.md,crypto-currently,crypto-currently,ETH,,medium,spot,0.9
,,0iniqdANXgg,https://www.youtube.com/watch?v=0iniqdANXgg,This Changes Everything,youtube/transcripts-top/crypto-currently/undated-this-changes-everything-0iniqdANXgg.md,crypto-currently,crypto-currently,SOL,,small,spot,0.9
,,0iniqdANXgg,https://www.youtube.com/watch?v=0iniqdANXgg,This Changes Everything,youtube/transcripts-top/crypto-currently/undated-this-changes-everything-0iniqdANXgg.md,crypto-currently,crypto-currently,USD,,small,cash,0.5
2026-04-22,portfolio,1BgPQN887g0,https://www.youtube.com/watch?v=1BgPQN887g0,It's Time To Pay Attention,youtube/transcripts-top/crypto-currently/undated-it-s-time-to-pay-attention.md,crypto-currently,crypto-currently,BTC,,tiny,spot,0.9
2026-04-22,portfolio,1BgPQN887g0,https://www.youtube.com/watch?v=1BgPQN887g0,It's Time To Pay Attention,youtube/transcripts-top/crypto-currently/undated-it-s-time-to-pay-attention.md,crypto-currently,crypto-currently,USD,,medium,cash,0.85
2026-04-22,portfolio,1BgPQN887g0,https://www.youtube.com/watch?v=1BgPQN887g0,It's Time To Pay Attention,youtube/transcripts-top/crypto-currently/undated-it-s-time-to-pay-attention.md,crypto-currently,crypto-currently,USD,,medium,cash,0.85
,,29IHIoFyHEg,https://www.youtube.com/watch?v=29IHIoFyHEg,The Cycle Top,youtube/transcripts-top/crypto-currently/undated-the-cycle-top.md,crypto-currently,crypto-currently,BTC,,medium,spot,0.9
,,29IHIoFyHEg,https://www.youtube.com/watch?v=29IHIoFyHEg,The Cycle Top,youtube/transcripts-top/crypto-currently/undated-the-cycle-top.md,crypto-currently,crypto-currently,USD,,medium,cash,0.9
,,2POWCx6fwS4,https://www.youtube.com/watch?v=2POWCx6fwS4,The Breakout,youtube/transcripts-top/crypto-currently/undated-the-breakout.md,crypto-currently,crypto-currently,BTC,,small,spot,0.9
,,2POWCx6fwS4,https://www.youtube.com/watch?v=2POWCx6fwS4,The Breakout,youtube/transcripts-top/crypto-currently/undated-the-breakout.md,crypto-currently,crypto-currently,USD,,medium,cash,0.7
2026-03-26,portfolio,2UrmYOUvW-w,https://www.youtube.com/watch?v=2UrmYOUvW-w,I Can't Believe It,youtube/transcripts-top/crypto-currently/undated-i-can-t-believe-it.md,crypto-currently,crypto-currently,BTC,,medium,spot,0.9
2026-03-26,portfolio,2UrmYOUvW-w,https://www.youtube.com/watch?v=2UrmYOUvW-w,I Can't Believe It,youtube/transcripts-top/crypto-currently/undated-i-can-t-believe-it.md,crypto-currently,crypto-currently,USD,,medium,cash,0.9
2026-03-26,portfolio,2UrmYOUvW-w,https://www.youtube.com/watch?v=2UrmYOUvW-w,I Can't Believe It,youtube/transcripts-top/crypto-currently/undated-i-can-t-believe-it.md,crypto-currently,crypto-currently,USD,,medium,cash,0.9
,,2X4vftUb1P4,https://www.youtube.com/watch?v=2X4vftUb1P4,How High Can Bitcoin Really Go?,youtube/transcripts-top/crypto-currently/undated-how-high-can-bitcoin-really-go.md,crypto-currently,crypto-currently,BTC,,medium,spot,0.9
,,2X4vftUb1P4,https://www.youtube.com/watch?v=2X4vftUb1P4,How High Can Bitcoin Really Go?,youtube/transcripts-top/crypto-currently/undated-how-high-can-bitcoin-really-go.md,crypto-currently,crypto-currently,ETH,,medium,spot,0.9
,,2X4vftUb1P4,https://www.youtube.com/watch?v=2X4vftUb1P4,How High Can Bitcoin Really Go?,youtube/transcripts-top/crypto-currently/undated-how-high-can-bitcoin-really-go.md,crypto-currently,crypto-currently,SOL,,small,spot,0.7
,,2X4vftUb1P4,https://www.youtube.com/watch?v=2X4vftUb1P4,How High Can Bitcoin Really Go?,youtube/transcripts-top/crypto-currently/undated-how-high-can-bitcoin-really-go.md,crypto-currently,crypto-currently,USD,,medium,cash,0.9
2025-10-01,portfolio,2XNtpfa00zg,https://www.youtube.com/watch?v=2XNtpfa00zg,Can You Feel It?,youtube/transcripts-top/crypto-currently/undated-can-you-feel-it.md,crypto-currently,crypto-currently,BTC,,medium,spot,0.9
2025-10-01,portfolio,2XNtpfa00zg,https://www.youtube.com/watch?v=2XNtpfa00zg,Can You Feel It?,youtube/transcripts-top/crypto-currently/undated-can-you-feel-it.md,crypto-currently,crypto-currently,USD,,small,cash,0.7
,,2a9Sx7FLFjs,https://www.youtube.com/watch?v=2a9Sx7FLFjs,Bitcoin's Moment of Truth,youtube/transcripts-top/crypto-currently/undated-bitcoin-s-moment-of-truth.md,crypto-currently,crypto-currently,USD,,medium,cash,0.8
,,2a9Sx7FLFjs,https://www.youtube.com/watch?v=2a9Sx7FLFjs,Bitcoin's Moment of Truth,youtube/transcripts-top/crypto-currently/undated-bitcoin-s-moment-of-truth.md,crypto-currently,crypto-currently,USD,,medium,cash,0.8
,,2bvaT2baQ3Q,https://www.youtube.com/watch?v=2bvaT2baQ3Q,Don't Fall For It,youtube/transcripts-top/crypto-currently/undated-don-t-fall-for-it-2bvaT2baQ3Q.md,crypto-currently,crypto-currently,BTC,,large,spot,0.9
,,2bvaT2baQ3Q,https://www.youtube.com/watch?v=2bvaT2baQ3Q,Don't Fall For It,youtube/transcripts-top/crypto-currently/undated-don-t-fall-for-it-2bvaT2baQ3Q.md,crypto-currently,crypto-currently,USD,,medium,cash,0.7
,,2bvaT2baQ3Q,https://www.youtube.com/watch?v=2bvaT2baQ3Q,Don't Fall For It,youtube/transcripts-top/crypto-currently/undated-don-t-fall-for-it-2bvaT2baQ3Q.md,crypto-currently,crypto-currently,USD,,medium,cash,0.7
,,2kh43KCr77A,https://www.youtube.com/watch?v=2kh43KCr77A,I'm Selling More,youtube/transcripts-top/crypto-currently/undated-i-m-selling-more.md,crypto-currently,crypto-currently,ETH,,medium,spot,0.9
,,2kh43KCr77A,https://www.youtube.com/watch?v=2kh43KCr77A,I'm Selling More,youtube/transcripts-top/crypto-currently/undated-i-m-selling-more.md,crypto-currently,crypto-currently,USD,,medium,cash,0.9
2025-12-21,portfolio,2nKHiLoFst8,https://www.youtube.com/watch?v=2nKHiLoFst8,It Has Begun,youtube/transcripts-top/crypto-currently/2025-12-21-it-has-begun.md,crypto-currently,crypto-currently,BTC,,medium,spot,0.9
2025-12-21,portfolio,2nKHiLoFst8,https://www.youtube.com/watch?v=2nKHiLoFst8,It Has Begun,youtube/transcripts-top/crypto-currently/2025-12-21-it-has-begun.md,crypto-currently,crypto-currently,ETH,,medium,spot,0.9
2025-12-21,portfolio,2nKHiLoFst8,https://www.youtube.com/watch?v=2nKHiLoFst8,It Has Begun,youtube/transcripts-top/crypto-currently/2025-12-21-it-has-begun.md,crypto-currently,crypto-currently,SOL,,medium,spot,0.9
2025-12-21,portfolio,2nKHiLoFst8,https://www.youtube.com/watch?v=2nKHiLoFst8,It Has Begun,youtube/transcripts-top/crypto-currently/2025-12-21-it-has-begun.md,crypto-currently,crypto-currently,USD,,medium,cash,0.7
,,35TRNoaDr88,https://www.youtube.com/watch?v=35TRNoaDr88,I'm Buying,youtube/transcripts-top/crypto-currently/undated-i-m-buying.md,crypto-currently,crypto-currently,BTC,,,spot,0.9
,,35TRNoaDr88,https://www.youtube.com/watch?v=35TRNoaDr88,I'm Buying,youtube/transcripts-top/crypto-currently/undated-i-m-buying.md,crypto-currently,crypto-currently,XRP,,small,spot,0.7
,,35TRNoaDr88,https://www.youtube.com/watch?v=35TRNoaDr88,I'm Buying,youtube/transcripts-top/crypto-currently/undated-i-m-buying.md,crypto-currently,crypto-currently,DOGE,,small,spot,0.7
,,35TRNoaDr88,https://www.youtube.com/watch?v=35TRNoaDr88,I'm Buying,youtube/transcripts-top/crypto-currently/undated-i-m-buying.md,crypto-currently,crypto-currently,SOL,,small,spot,0.7
,,35TRNoaDr88,https://www.youtube.com/watch?v=35TRNoaDr88,I'm Buying,youtube/transcripts-top/crypto-currently/undated-i-m-buying.md,crypto-currently,crypto-currently,USD,,medium,cash,0.9
,,37OBATYIA18,https://www.youtube.com/watch?v=37OBATYIA18,The Bitcoin Selling Cycle,youtube/transcripts-top/crypto-currently/undated-the-bitcoin-selling-cycle.md,crypto-currently,crypto-currently,BTC,,medium,spot,0.9
,,37OBATYIA18,https://www.youtube.com/watch?v=37OBATYIA18,The Bitcoin Selling Cycle,youtube/transcripts-top/crypto-currently/undated-the-bitcoin-selling-cycle.md,crypto-currently,crypto-currently,ETH,,small,spot,0.7
,,37OBATYIA18,https://www.youtube.com/watch?v=37OBATYIA18,The Bitcoin Selling Cycle,youtube/transcripts-top/crypto-currently/undated-the-bitcoin-selling-cycle.md,crypto-currently,crypto-currently,SOL,,small,spot,0.7
,,37OBATYIA18,https://www.youtube.com/watch?v=37OBATYIA18,The Bitcoin Selling Cycle,youtube/transcripts-top/crypto-currently/undated-the-bitcoin-selling-cycle.md,crypto-currently,crypto-currently,USD,,medium,cash,0.8
2025-12-21,portfolio,3HDYSGGPz6Q,https://www.youtube.com/watch?v=3HDYSGGPz6Q,I Can't Believe This,youtube/transcripts-top/crypto-currently/2025-12-21-i-can-t-believe-this.md,crypto-currently,crypto-currently,BTC,,medium,spot,0.9
,,3IbgxBAURUU,https://www.youtube.com/watch?v=3IbgxBAURUU,It's Time To Pay Attention,youtube/transcripts-top/crypto-currently/undated-it-s-time-to-pay-attention-3IbgxBAURUU.md,crypto-currently,crypto-currently,USD,,medium,cash,0.7
2026-04-02,portfolio,3eFVfvXgjF4,https://www.youtube.com/watch?v=3eFVfvXgjF4,We Have Seen This Before,youtube/transcripts-top/crypto-currently/undated-we-have-seen-this-before.md,crypto-currently,crypto-currently,BTC,,medium,spot,0.9
2026-04-02,portfolio,3eFVfvXgjF4,https://www.youtube.com/watch?v=3eFVfvXgjF4,We Have Seen This Before,youtube/transcripts-top/crypto-currently/undated-we-have-seen-this-before.md,crypto-currently,crypto-currently,ETH,,medium,spot,0.9
2026-04-02,portfolio,3eFVfvXgjF4,https://www.youtube.com/watch?v=3eFVfvXgjF4,We Have Seen This Before,youtube/transcripts-top/crypto-currently/undated-we-have-seen-this-before.md,crypto-currently,crypto-currently,USD,,medium,cash,0.9
,,3eWva40HVE4,https://www.youtube.com/watch?v=3eWva40HVE4,This Changes Everything,youtube/transcripts-top/crypto-currently/undated-this-changes-everything.md,crypto-currently,crypto-currently,BTC,,large,spot,0.9
,,3eWva40HVE4,https://www.youtube.com/watch?v=3eWva40HVE4,This Changes Everything,youtube/transcripts-top/crypto-currently/undated-this-changes-everything.md,crypto-currently,crypto-currently,USD,,medium,cash,0.5
,,420Xss5URdU,https://www.youtube.com/watch?v=420Xss5URdU,Are You Prepared?,youtube/transcripts-top/crypto-currently/undated-are-you-prepared.md,crypto-currently,crypto-currently,BTC,,large,spot,0.9
,,420Xss5URdU,https://www.youtube.com/watch?v=420Xss5URdU,Are You Prepared?,youtube/transcripts-top/crypto-currently/undated-are-you-prepared.md,crypto-currently,crypto-currently,USD,,medium,cash,0.85
,,420Xss5URdU,https://www.youtube.com/watch?v=420Xss5URdU,Are You Prepared?,youtube/transcripts-top/crypto-currently/undated-are-you-prepared.md,crypto-currently,crypto-currently,USD,,medium,cash,0.85
2026-02-19,portfolio,4FN-1ygBawc,https://www.youtube.com/watch?v=4FN-1ygBawc,This Time IS Different,youtube/transcripts-top/crypto-currently/2026-02-19-this-time-is-different.md,crypto-currently,crypto-currently,BTC,,medium,spot,0.9
2026-02-19,portfolio,4FN-1ygBawc,https://www.youtube.com/watch?v=4FN-1ygBawc,This Time IS Different,youtube/transcripts-top/crypto-currently/2026-02-19-this-time-is-different.md,crypto-currently,crypto-currently,USD,,medium,cash,0.7
,,4kA1vea0Sy0,https://www.youtube.com/watch?v=4kA1vea0Sy0,Are we in Trouble?,youtube/transcripts-top/crypto-currently/undated-are-we-in-trouble.md,crypto-currently,crypto-currently,BTC,,medium,spot,0.9
,,4kA1vea0Sy0,https://www.youtube.com/watch?v=4kA1vea0Sy0,Are we in Trouble?,youtube/transcripts-top/crypto-currently/undated-are-we-in-trouble.md,crypto-currently,crypto-currently,ETH,,medium,spot,0.9
,,4kA1vea0Sy0,https://www.youtube.com/watch?v=4kA1vea0Sy0,Are we in Trouble?,youtube/transcripts-top/crypto-currently/undated-are-we-in-trouble.md,crypto-currently,crypto-currently,SOL,,small,spot,0.7
,,4kA1vea0Sy0,https://www.youtube.com/watch?v=4kA1vea0Sy0,Are we in Trouble?,youtube/transcripts-top/crypto-currently/undated-are-we-in-trouble.md,crypto-currently,crypto-currently,USD,,medium,cash,0.9
,,4l1zeXWjTBk,https://www.youtube.com/watch?v=4l1zeXWjTBk,This Is INSANE,youtube/transcripts-top/crypto-currently/undated-this-is-insane.md,crypto-currently,crypto-currently,BTC,,medium,spot,0.9
,,4l1zeXWjTBk,https://www.youtube.com/watch?v=4l1zeXWjTBk,This Is INSANE,youtube/transcripts-top/crypto-currently/undated-this-is-insane.md,crypto-currently,crypto-currently,SOL,,small,spot,0.9
,,4l1zeXWjTBk,https://www.youtube.com/watch?v=4l1zeXWjTBk,This Is INSANE,youtube/transcripts-top/crypto-currently/undated-this-is-insane.md,crypto-currently,crypto-currently,USD,,medium,cash,0.9
,,4xaIAvyhQUA,https://www.youtube.com/watch?v=4xaIAvyhQUA,Don't Get Fooled,youtube/transcripts-top/crypto-currently/undated-don-t-get-fooled-4xaIAvyhQUA.md,crypto-currently,crypto-currently,USD,,medium,cash,0.7
2025-09-27,portfolio,5ac2fhpgUTM,https://www.youtube.com/watch?v=5ac2fhpgUTM,It Was Right Again,youtube/transcripts-top/crypto-currently/undated-it-was-right-again.md,crypto-currently,crypto-currently,BTC,,medium,spot,0.9
2025-09-27,portfolio,5ac2fhpgUTM,https://www.youtube.com/watch?v=5ac2fhpgUTM,It Was Right Again,youtube/transcripts-top/crypto-currently/undated-it-was-right-again.md,crypto-currently,crypto-currently,ETH,,medium,spot,0.9
2025-09-27,portfolio,5ac2fhpgUTM,https://www.youtube.com/watch?v=5ac2fhpgUTM,It Was Right Again,youtube/transcripts-top/crypto-currently/undated-it-was-right-again.md,crypto-currently,crypto-currently,SOL,,small,spot,0.7
2025-09-27,portfolio,5ac2fhpgUTM,https://www.youtube.com/watch?v=5ac2fhpgUTM,It Was Right Again,youtube/transcripts-top/crypto-currently/undated-it-was-right-again.md,crypto-currently,crypto-currently,USD,,medium,cash,0.8
,,5gFOfxynQT4,https://www.youtube.com/watch?v=5gFOfxynQT4,It's Actually Happening,youtube/transcripts-top/crypto-currently/undated-it-s-actually-happening-5gFOfxynQT4.md,crypto-currently,crypto-currently,BTC,,medium,spot,0.9
,,5gFOfxynQT4,https://www.youtube.com/watch?v=5gFOfxynQT4,It's Actually Happening,youtube/transcripts-top/crypto-currently/undated-it-s-actually-happening-5gFOfxynQT4.md,crypto-currently,crypto-currently,ETH,,small,spot,0.7
,,5gFOfxynQT4,https://www.youtube.com/watch?v=5gFOfxynQT4,It's Actually Happening,youtube/transcripts-top/crypto-currently/undated-it-s-actually-happening-5gFOfxynQT4.md,crypto-currently,crypto-currently,SOL,,small,spot,0.7
,,5gFOfxynQT4,https://www.youtube.com/watch?v=5gFOfxynQT4,It's Actually Happening,youtube/transcripts-top/crypto-currently/undated-it-s-actually-happening-5gFOfxynQT4.md,crypto-currently,crypto-currently,USD,,medium,cash,0.8
,,5zn-VBCi9ls,https://www.youtube.com/watch?v=5zn-VBCi9ls,Don't Fall For It,youtube/transcripts-top/crypto-currently/undated-don-t-fall-for-it.md,crypto-currently,crypto-currently,BTC,,,spot,0.9
,,5zn-VBCi9ls,https://www.youtube.com/watch?v=5zn-VBCi9ls,Don't Fall For It,youtube/transcripts-top/crypto-currently/undated-don-t-fall-for-it.md,crypto-currently,crypto-currently,USD,,,cash,0.5
,,6WFz2_ovYHM,https://www.youtube.com/watch?v=6WFz2_ovYHM,This Time Is NOT Different,youtube/transcripts-top/crypto-currently/undated-this-time-is-not-different.md,crypto-currently,crypto-currently,BTC,,,spot,0.9
,,6WFz2_ovYHM,https://www.youtube.com/watch?v=6WFz2_ovYHM,This Time Is NOT Different,youtube/transcripts-top/crypto-currently/undated-this-time-is-not-different.md,crypto-currently,crypto-currently,ETH,,,spot,0.9
,,6WFz2_ovYHM,https://www.youtube.com/watch?v=6WFz2_ovYHM,This Time Is NOT Different,youtube/transcripts-top/crypto-currently/undated-this-time-is-not-different.md,crypto-currently,crypto-currently,USD,,,cash,0.5
,,6j_8oDmUiUw,https://www.youtube.com/watch?v=6j_8oDmUiUw,Don't Fall For It,youtube/transcripts-top/crypto-currently/undated-don-t-fall-for-it-6j_8oDmUiUw.md,crypto-currently,crypto-currently,USD,,,cash,0.9
,,6j_8oDmUiUw,https://www.youtube.com/watch?v=6j_8oDmUiUw,Don't Fall For It,youtube/transcripts-top/crypto-currently/undated-don-t-fall-for-it-6j_8oDmUiUw.md,crypto-currently,crypto-currently,USD,,medium,cash,0.9
,,7EwO-fn5ArE,https://www.youtube.com/watch?v=7EwO-fn5ArE,The Bitcoin July Trap,youtube/transcripts-top/crypto-currently/undated-the-bitcoin-july-trap.md,crypto-currently,crypto-currently,BTC,,medium,spot,0.9
,,7EwO-fn5ArE,https://www.youtube.com/watch?v=7EwO-fn5ArE,The Bitcoin July Trap,youtube/transcripts-top/crypto-currently/undated-the-bitcoin-july-trap.md,crypto-currently,crypto-currently,USD,,medium,cash,0.8
,,7zqE5Oxzutc,https://www.youtube.com/watch?v=7zqE5Oxzutc,This Time Really Is Different,youtube/transcripts-top/crypto-currently/undated-this-time-really-is-different.md,crypto-currently,crypto-currently,BTC,,large,spot,0.9
,,7zqE5Oxzutc,https://www.youtube.com/watch?v=7zqE5Oxzutc,This Time Really Is Different,youtube/transcripts-top/crypto-currently/undated-this-time-really-is-different.md,crypto-currently,crypto-currently,ETH,,medium,spot,0.8
,,7zqE5Oxzutc,https://www.youtube.com/watch?v=7zqE5Oxzutc,This Time Really Is Different,youtube/transcripts-top/crypto-currently/undated-this-time-really-is-different.md,crypto-currently,crypto-currently,SOL,,small,spot,0.7
,,7zqE5Oxzutc,https://www.youtube.com/watch?v=7zqE5Oxzutc,This Time Really Is Different,youtube/transcripts-top/crypto-currently/undated-this-time-really-is-different.md,crypto-currently,crypto-currently,USD,,large,cash,0.9
,,81SMFt14vkQ,https://www.youtube.com/watch?v=81SMFt14vkQ,It's Happening Again,youtube/transcripts-top/crypto-currently/undated-it-s-happening-again-81SMFt14vkQ.md,crypto-currently,crypto-currently,USD,,medium,cash,0.9
,,81SMFt14vkQ,https://www.youtube.com/watch?v=81SMFt14vkQ,It's Happening Again,youtube/transcripts-top/crypto-currently/undated-it-s-happening-again-81SMFt14vkQ.md,crypto-currently,crypto-currently,USD,,medium,cash,0.9
2025-12-21,portfolio,8EZRjf1lgi0,https://www.youtube.com/watch?v=8EZRjf1lgi0,It's Actually Happening,youtube/transcripts-top/crypto-currently/2025-12-21-it-s-actually-happening.md,crypto-currently,crypto-currently,BTC,,medium,spot,0.9
2025-12-21,portfolio,8EZRjf1lgi0,https://www.youtube.com/watch?v=8EZRjf1lgi0,It's Actually Happening,youtube/transcripts-top/crypto-currently/2025-12-21-it-s-actually-happening.md,crypto-currently,crypto-currently,USD,,medium,cash,0.9
,,8Nx2b5lRZVc,https://www.youtube.com/watch?v=8Nx2b5lRZVc,It's Finally Happening,youtube/transcripts-top/crypto-currently/undated-it-s-finally-happening-8Nx2b5lRZVc.md,crypto-currently,crypto-currently,ETH,,medium,spot,0.9
,,8Nx2b5lRZVc,https://www.youtube.com/watch?v=8Nx2b5lRZVc,It's Finally Happening,youtube/transcripts-top/crypto-currently/undated-it-s-finally-happening-8Nx2b5lRZVc.md,crypto-currently,crypto-currently,USD,,medium,cash,0.8
2026-02-14,portfolio,8YLBqgcEA0g,https://www.youtube.com/watch?v=8YLBqgcEA0g,I'm Buying More,youtube/transcripts-top/crypto-currently/2026-02-14-i-m-buying-more.md,crypto-currently,crypto-currently,BTC,,medium,spot,0.9
2026-02-14,portfolio,8YLBqgcEA0g,https://www.youtube.com/watch?v=8YLBqgcEA0g,I'm Buying More,youtube/transcripts-top/crypto-currently/2026-02-14-i-m-buying-more.md,crypto-currently,crypto-currently,USD,,medium,cash,0.7
,,8_MeiEiC6OQ,https://www.youtube.com/watch?v=8_MeiEiC6OQ,The Final Shakeout,youtube/transcripts-top/crypto-currently/undated-the-final-shakeout-8_MeiEiC6OQ.md,crypto-currently,crypto-currently,BTC,,medium,spot,0.9
,,8_MeiEiC6OQ,https://www.youtube.com/watch?v=8_MeiEiC6OQ,The Final Shakeout,youtube/transcripts-top/crypto-currently/undated-the-final-shakeout-8_MeiEiC6OQ.md,crypto-currently,crypto-currently,ETH,,medium,spot,0.9
,,8_MeiEiC6OQ,https://www.youtube.com/watch?v=8_MeiEiC6OQ,The Final Shakeout,youtube/transcripts-top/crypto-currently/undated-the-final-shakeout-8_MeiEiC6OQ.md,crypto-currently,crypto-currently,SOL,,medium,spot,0.9
,,8_MeiEiC6OQ,https://www.youtube.com/watch?v=8_MeiEiC6OQ,The Final Shakeout,youtube/transcripts-top/crypto-currently/undated-the-final-shakeout-8_MeiEiC6OQ.md,crypto-currently,crypto-currently,USD,,large,cash,0.9
,,8u68RCadFIQ,https://www.youtube.com/watch?v=8u68RCadFIQ,The Liquidity Sponge,youtube/transcripts-top/crypto-currently/undated-the-liquidity-sponge.md,crypto-currently,crypto-currently,USD,,medium,cash,0.7
,,9Z3tGt1SwMk,https://www.youtube.com/watch?v=9Z3tGt1SwMk,Don't Make This Mistake,youtube/transcripts-top/crypto-currently/undated-don-t-make-this-mistake-9Z3tGt1SwMk.md,crypto-currently,crypto-currently,BTC,,medium,spot,0.9
,,9Z3tGt1SwMk,https://www.youtube.com/watch?v=9Z3tGt1SwMk,Don't Make This Mistake,youtube/transcripts-top/crypto-currently/undated-don-t-make-this-mistake-9Z3tGt1SwMk.md,crypto-currently,crypto-currently,ETH,,medium,spot,0.9
,,9Z3tGt1SwMk,https://www.youtube.com/watch?v=9Z3tGt1SwMk,Don't Make This Mistake,youtube/transcripts-top/crypto-currently/undated-don-t-make-this-mistake-9Z3tGt1SwMk.md,crypto-currently,crypto-currently,SOL,,,spot,0.7
,,9Z3tGt1SwMk,https://www.youtube.com/watch?v=9Z3tGt1SwMk,Don't Make This Mistake,youtube/transcripts-top/crypto-currently/undated-don-t-make-this-mistake-9Z3tGt1SwMk.md,crypto-currently,crypto-currently,USD,,medium,cash,0.9
,,A22wmrC2xhA,https://www.youtube.com/watch?v=A22wmrC2xhA,The Moment Of Truth,youtube/transcripts-top/crypto-currently/undated-the-moment-of-truth-A22wmrC2xhA.md,crypto-currently,crypto-currently,BTC,,medium,spot,0.9
,,A22wmrC2xhA,https://www.youtube.com/watch?v=A22wmrC2xhA,The Moment Of Truth,youtube/transcripts-top/crypto-currently/undated-the-moment-of-truth-A22wmrC2xhA.md,crypto-currently,crypto-currently,ETH,,medium,spot,0.9
,,A22wmrC2xhA,https://www.youtube.com/watch?v=A22wmrC2xhA,The Moment Of Truth,youtube/transcripts-top/crypto-currently/undated-the-moment-of-truth-A22wmrC2xhA.md,crypto-currently,crypto-currently,SOL,,medium,spot,0.9
,,A22wmrC2xhA,https://www.youtube.com/watch?v=A22wmrC2xhA,The Moment Of Truth,youtube/transcripts-top/crypto-currently/undated-the-moment-of-truth-A22wmrC2xhA.md,crypto-currently,crypto-currently,USD,,medium,cash,0.9
2025-11-21,portfolio,A7KDQ85Vo50,https://www.youtube.com/watch?v=A7KDQ85Vo50,The Big Break,youtube/transcripts-top/crypto-currently/2025-11-21-the-big-break.md,crypto-currently,crypto-currently,BTC,,,spot,0.9
2025-11-21,portfolio,A7KDQ85Vo50,https://www.youtube.com/watch?v=A7KDQ85Vo50,The Big Break,youtube/transcripts-top/crypto-currently/2025-11-21-the-big-break.md,crypto-currently,crypto-currently,ETH,,,spot,0.9
2025-11-21,portfolio,A7KDQ85Vo50,https://www.youtube.com/watch?v=A7KDQ85Vo50,The Big Break,youtube/transcripts-top/crypto-currently/2025-11-21-the-big-break.md,crypto-currently,crypto-currently,USD,,,cash,0.5
,,Asl7s50yems,https://www.youtube.com/watch?v=Asl7s50yems,Don't Mess This Up,youtube/transcripts-top/crypto-currently/undated-don-t-mess-this-up-Asl7s50yems.md,crypto-currently,crypto-currently,BTC,,large,spot,0.9
,,Asl7s50yems,https://www.youtube.com/watch?v=Asl7s50yems,Don't Mess This Up,youtube/transcripts-top/crypto-currently/undated-don-t-mess-this-up-Asl7s50yems.md,crypto-currently,crypto-currently,USD,,medium,cash,0.8
,,Asl7s50yems,https://www.youtube.com/watch?v=Asl7s50yems,Don't Mess This Up,youtube/transcripts-top/crypto-currently/undated-don-t-mess-this-up-Asl7s50yems.md,crypto-currently,crypto-currently,USD,,medium,cash,0.8
,,B2NDGsazOV0,https://www.youtube.com/watch?v=B2NDGsazOV0,I Can't Believe It,youtube/transcripts-top/crypto-currently/undated-i-can-t-believe-it-B2NDGsazOV0.md,crypto-currently,crypto-currently,BTC,,large,spot,0.9
,,B2NDGsazOV0,https://www.youtube.com/watch?v=B2NDGsazOV0,I Can't Believe It,youtube/transcripts-top/crypto-currently/undated-i-can-t-believe-it-B2NDGsazOV0.md,crypto-currently,crypto-currently,ETH,,medium,spot,0.9
,,B2NDGsazOV0,https://www.youtube.com/watch?v=B2NDGsazOV0,I Can't Believe It,youtube/transcripts-top/crypto-currently/undated-i-can-t-believe-it-B2NDGsazOV0.md,crypto-currently,crypto-currently,SOL,,small,spot,0.7
,,B2NDGsazOV0,https://www.youtube.com/watch?v=B2NDGsazOV0,I Can't Believe It,youtube/transcripts-top/crypto-currently/undated-i-can-t-believe-it-B2NDGsazOV0.md,crypto-currently,crypto-currently,USD,,small,cash,0.5
,,BNjST5EMX98,https://www.youtube.com/watch?v=BNjST5EMX98,This Time Is NOT Different,youtube/transcripts-top/crypto-currently/undated-this-time-is-not-different-BNjST5EMX98.md,crypto-currently,crypto-currently,BTC,,medium,spot,0.9
,,BNjST5EMX98,https://www.youtube.com/watch?v=BNjST5EMX98,This Time Is NOT Different,youtube/transcripts-top/crypto-currently/undated-this-time-is-not-different-BNjST5EMX98.md,crypto-currently,crypto-currently,ETH,,small,spot,0.7
,,BNjST5EMX98,https://www.youtube.com/watch?v=BNjST5EMX98,This Time Is NOT Different,youtube/transcripts-top/crypto-currently/undated-this-time-is-not-different-BNjST5EMX98.md,crypto-currently,crypto-currently,USD,,medium,cash,0.7
,,BkTqRDE1xiU,https://www.youtube.com/watch?v=BkTqRDE1xiU,Don't Make This Mistake,youtube/transcripts-top/crypto-currently/undated-don-t-make-this-mistake-BkTqRDE1xiU.md,crypto-currently,crypto-currently,BTC,,medium,spot,0.9
,,BkTqRDE1xiU,https://www.youtube.com/watch?v=BkTqRDE1xiU,Don't Make This Mistake,youtube/transcripts-top/crypto-currently/undated-don-t-make-this-mistake-BkTqRDE1xiU.md,crypto-currently,crypto-currently,USD,,medium,cash,0.7
2026-01-20,portfolio,Bp3SV_t32AM,https://www.youtube.com/watch?v=Bp3SV_t32AM,It Still Needs More,youtube/transcripts-top/crypto-currently/2026-01-20-it-still-needs-more.md,crypto-currently,crypto-currently,USD,,medium,cash,0.9
2026-01-20,portfolio,Bp3SV_t32AM,https://www.youtube.com/watch?v=Bp3SV_t32AM,It Still Needs More,youtube/transcripts-top/crypto-currently/2026-01-20-it-still-needs-more.md,crypto-currently,crypto-currently,USD,,medium,cash,0.9
,,C6OGfJZfAbQ,https://www.youtube.com/watch?v=C6OGfJZfAbQ,Bitcoin Has Done This Before,youtube/transcripts-top/crypto-currently/undated-bitcoin-has-done-this-before-C6OGfJZfAbQ.md,crypto-currently,crypto-currently,BTC,,medium,spot,0.9
,,C6OGfJZfAbQ,https://www.youtube.com/watch?v=C6OGfJZfAbQ,Bitcoin Has Done This Before,youtube/transcripts-top/crypto-currently/undated-bitcoin-has-done-this-before-C6OGfJZfAbQ.md,crypto-currently,crypto-currently,USD,,large,cash,0.8
,,C6OGfJZfAbQ,https://www.youtube.com/watch?v=C6OGfJZfAbQ,Bitcoin Has Done This Before,youtube/transcripts-top/crypto-currently/undated-bitcoin-has-done-this-before-C6OGfJZfAbQ.md,crypto-currently,crypto-currently,USD,,large,cash,0.8
,,CTFoUEzjU50,https://www.youtube.com/watch?v=CTFoUEzjU50,Don't Make This Mistake,youtube/transcripts-top/crypto-currently/undated-don-t-make-this-mistake.md,crypto-currently,crypto-currently,USD,,medium,cash,0.7
2025-11-21,portfolio,CiDQaCKVY0I,https://www.youtube.com/watch?v=CiDQaCKVY0I,It's Happening Again,youtube/transcripts-top/crypto-currently/2025-11-21-it-s-happening-again.md,crypto-currently,crypto-currently,BTC,,large,spot,0.9
2025-11-21,portfolio,CiDQaCKVY0I,https://www.youtube.com/watch?v=CiDQaCKVY0I,It's Happening Again,youtube/transcripts-top/crypto-currently/2025-11-21-it-s-happening-again.md,crypto-currently,crypto-currently,USD,,medium,cash,0.7
2025-11-21,portfolio,CiDQaCKVY0I,https://www.youtube.com/watch?v=CiDQaCKVY0I,It's Happening Again,youtube/transcripts-top/crypto-currently/2025-11-21-it-s-happening-again.md,crypto-currently,crypto-currently,USD,,medium,cash,0.7
,,CldqzXH3gk0,https://www.youtube.com/watch?v=CldqzXH3gk0,It's Almost Time,youtube/transcripts-top/crypto-currently/undated-it-s-almost-time.md,crypto-currently,crypto-currently,USD,,,cash,0.5
,,DPRIurPkEXA,https://www.youtube.com/watch?v=DPRIurPkEXA,This Isn't Good,youtube/transcripts-top/crypto-currently/undated-this-isn-t-good.md,crypto-currently,crypto-currently,BTC,,medium,spot,0.9
,,DPRIurPkEXA,https://www.youtube.com/watch?v=DPRIurPkEXA,This Isn't Good,youtube/transcripts-top/crypto-currently/undated-this-isn-t-good.md,crypto-currently,crypto-currently,ETH,,medium,spot,0.9
,,DPRIurPkEXA,https://www.youtube.com/watch?v=DPRIurPkEXA,This Isn't Good,youtube/transcripts-top/crypto-currently/undated-this-isn-t-good.md,crypto-currently,crypto-currently,USD,,medium,cash,0.7
2025-09-21,portfolio,Dtbm5uV_S_w,https://www.youtube.com/watch?v=Dtbm5uV_S_w,This Cycle Is NOT Different,youtube/transcripts-top/crypto-currently/undated-this-cycle-is-not-different.md,crypto-currently,crypto-currently,BTC,,large,spot,0.9
2025-09-21,portfolio,Dtbm5uV_S_w,https://www.youtube.com/watch?v=Dtbm5uV_S_w,This Cycle Is NOT Different,youtube/transcripts-top/crypto-currently/undated-this-cycle-is-not-different.md,crypto-currently,crypto-currently,ETH,,medium,spot,0.85
2025-09-21,portfolio,Dtbm5uV_S_w,https://www.youtube.com/watch?v=Dtbm5uV_S_w,This Cycle Is NOT Different,youtube/transcripts-top/crypto-currently/undated-this-cycle-is-not-different.md,crypto-currently,crypto-currently,SOL,,small,spot,0.7
2025-09-21,portfolio,Dtbm5uV_S_w,https://www.youtube.com/watch?v=Dtbm5uV_S_w,This Cycle Is NOT Different,youtube/transcripts-top/crypto-currently/undated-this-cycle-is-not-different.md,crypto-currently,crypto-currently,USD,,medium,cash,0.85
2026-04-30,portfolio,DytVHqxTpz0,https://www.youtube.com/watch?v=DytVHqxTpz0,We're Almost There,youtube/transcripts-top/crypto-currently/undated-we-re-almost-there.md,crypto-currently,crypto-currently,BTC,,large,spot,0.9
2026-04-30,portfolio,DytVHqxTpz0,https://www.youtube.com/watch?v=DytVHqxTpz0,We're Almost There,youtube/transcripts-top/crypto-currently/undated-we-re-almost-there.md,crypto-currently,crypto-currently,USD,,medium,cash,0.7
2026-04-30,portfolio,DytVHqxTpz0,https://www.youtube.com/watch?v=DytVHqxTpz0,We're Almost There,youtube/transcripts-top/crypto-currently/undated-we-re-almost-there.md,crypto-currently,crypto-currently,USD,,medium,cash,0.7
,,EQCDd3noms8,https://www.youtube.com/watch?v=EQCDd3noms8,I Can't Believe It,youtube/transcripts-top/crypto-currently/undated-i-can-t-believe-it-EQCDd3noms8.md,crypto-currently,crypto-currently,BTC,,medium,spot,0.9
,,EQCDd3noms8,https://www.youtube.com/watch?v=EQCDd3noms8,I Can't Believe It,youtube/transcripts-top/crypto-currently/undated-i-can-t-believe-it-EQCDd3noms8.md,crypto-currently,crypto-currently,USD,,medium,cash,0.8
2025-12-21,portfolio,F6SXBzLeMZM,https://www.youtube.com/watch?v=F6SXBzLeMZM,It's Time To Pay Attention,youtube/transcripts-top/crypto-currently/2025-12-21-it-s-time-to-pay-attention.md,crypto-currently,crypto-currently,USD,,medium,cash,0.9
2025-12-21,portfolio,F6SXBzLeMZM,https://www.youtube.com/watch?v=F6SXBzLeMZM,It's Time To Pay Attention,youtube/transcripts-top/crypto-currently/2025-12-21-it-s-time-to-pay-attention.md,crypto-currently,crypto-currently,USD,,medium,cash,0.9
,,FDKnvbtbfPU,https://www.youtube.com/watch?v=FDKnvbtbfPU,This Happens Every Time,youtube/transcripts-top/crypto-currently/undated-this-happens-every-time-FDKnvbtbfPU.md,crypto-currently,crypto-currently,BTC,,medium,spot,0.9
,,FDKnvbtbfPU,https://www.youtube.com/watch?v=FDKnvbtbfPU,This Happens Every Time,youtube/transcripts-top/crypto-currently/undated-this-happens-every-time-FDKnvbtbfPU.md,crypto-currently,crypto-currently,USD,,medium,cash,0.8
,,FDKnvbtbfPU,https://www.youtube.com/watch?v=FDKnvbtbfPU,This Happens Every Time,youtube/transcripts-top/crypto-currently/undated-this-happens-every-time-FDKnvbtbfPU.md,crypto-currently,crypto-currently,USD,,medium,cash,0.8
,,FMtC9w11yaI,https://www.youtube.com/watch?v=FMtC9w11yaI,This Happens Every Time,youtube/transcripts-top/crypto-currently/undated-this-happens-every-time-FMtC9w11yaI.md,crypto-currently,crypto-currently,BTC,,medium,spot,0.9
,,FMtC9w11yaI,https://www.youtube.com/watch?v=FMtC9w11yaI,This Happens Every Time,youtube/transcripts-top/crypto-currently/undated-this-happens-every-time-FMtC9w11yaI.md,crypto-currently,crypto-currently,USD,,large,cash,0.8
,,FMtC9w11yaI,https://www.youtube.com/watch?v=FMtC9w11yaI,This Happens Every Time,youtube/transcripts-top/crypto-currently/undated-this-happens-every-time-FMtC9w11yaI.md,crypto-currently,crypto-currently,USD,,large,cash,0.8
,,Fl5CvLDCFuQ,https://www.youtube.com/watch?v=Fl5CvLDCFuQ,It's Finally Happening,youtube/transcripts-top/crypto-currently/undated-it-s-finally-happening-Fl5CvLDCFuQ.md,crypto-currently,crypto-currently,BTC,,medium,spot,0.9
,,Fl5CvLDCFuQ,https://www.youtube.com/watch?v=Fl5CvLDCFuQ,It's Finally Happening,youtube/transcripts-top/crypto-currently/undated-it-s-finally-happening-Fl5CvLDCFuQ.md,crypto-currently,crypto-currently,ETH,,medium,spot,0.9
,,Fl5CvLDCFuQ,https://www.youtube.com/watch?v=Fl5CvLDCFuQ,It's Finally Happening,youtube/transcripts-top/crypto-currently/undated-it-s-finally-happening-Fl5CvLDCFuQ.md,crypto-currently,crypto-currently,SOL,,medium,spot,0.9
,,Fl5CvLDCFuQ,https://www.youtube.com/watch?v=Fl5CvLDCFuQ,It's Finally Happening,youtube/transcripts-top/crypto-currently/undated-it-s-finally-happening-Fl5CvLDCFuQ.md,crypto-currently,crypto-currently,USD,,small,cash,0.5
,,GElZmg9HFF8,https://www.youtube.com/watch?v=GElZmg9HFF8,The Bitcoin Summer Slump,youtube/transcripts-top/crypto-currently/undated-the-bitcoin-summer-slump.md,crypto-currently,crypto-currently,BTC,,medium,spot,0.9
,,GElZmg9HFF8,https://www.youtube.com/watch?v=GElZmg9HFF8,The Bitcoin Summer Slump,youtube/transcripts-top/crypto-currently/undated-the-bitcoin-summer-slump.md,crypto-currently,crypto-currently,ETH,,large,spot,0.9
,,GElZmg9HFF8,https://www.youtube.com/watch?v=GElZmg9HFF8,The Bitcoin Summer Slump,youtube/transcripts-top/crypto-currently/undated-the-bitcoin-summer-slump.md,crypto-currently,crypto-currently,SOL,,medium,spot,0.7
,,GElZmg9HFF8,https://www.youtube.com/watch?v=GElZmg9HFF8,The Bitcoin Summer Slump,youtube/transcripts-top/crypto-currently/undated-the-bitcoin-summer-slump.md,crypto-currently,crypto-currently,USD,,medium,cash,0.9
,,GF58No3I4I0,https://www.youtube.com/watch?v=GF58No3I4I0,Are You Ready?,youtube/transcripts-top/crypto-currently/undated-are-you-ready-GF58No3I4I0.md,crypto-currently,crypto-currently,BTC,,medium,spot,0.9
,,GF58No3I4I0,https://www.youtube.com/watch?v=GF58No3I4I0,Are You Ready?,youtube/transcripts-top/crypto-currently/undated-are-you-ready-GF58No3I4I0.md,crypto-currently,crypto-currently,ETH,,medium,spot,0.9
,,GF58No3I4I0,https://www.youtube.com/watch?v=GF58No3I4I0,Are You Ready?,youtube/transcripts-top/crypto-currently/undated-are-you-ready-GF58No3I4I0.md,crypto-currently,crypto-currently,SOL,,,spot,0.5
,,GF58No3I4I0,https://www.youtube.com/watch?v=GF58No3I4I0,Are You Ready?,youtube/transcripts-top/crypto-currently/undated-are-you-ready-GF58No3I4I0.md,crypto-currently,crypto-currently,USD,,small,cash,0.6
,,H5x0O3BrloI,https://www.youtube.com/watch?v=H5x0O3BrloI,It's Happening Again,youtube/transcripts-top/crypto-currently/undated-it-s-happening-again-H5x0O3BrloI.md,crypto-currently,crypto-currently,BTC,,large,spot,0.9
,,H5x0O3BrloI,https://www.youtube.com/watch?v=H5x0O3BrloI,It's Happening Again,youtube/transcripts-top/crypto-currently/undated-it-s-happening-again-H5x0O3BrloI.md,crypto-currently,crypto-currently,ETH,,medium,spot,0.7
,,H5x0O3BrloI,https://www.youtube.com/watch?v=H5x0O3BrloI,It's Happening Again,youtube/transcripts-top/crypto-currently/undated-it-s-happening-again-H5x0O3BrloI.md,crypto-currently,crypto-currently,SOL,,small,spot,0.7
,,H5x0O3BrloI,https://www.youtube.com/watch?v=H5x0O3BrloI,It's Happening Again,youtube/transcripts-top/crypto-currently/undated-it-s-happening-again-H5x0O3BrloI.md,crypto-currently,crypto-currently,USD,,medium,cash,0.8
,,H5x0O3BrloI,https://www.youtube.com/watch?v=H5x0O3BrloI,It's Happening Again,youtube/transcripts-top/crypto-currently/undated-it-s-happening-again-H5x0O3BrloI.md,crypto-currently,crypto-currently,USD,,medium,cash,0.8
,,HgfU4KuGdvI,https://www.youtube.com/watch?v=HgfU4KuGdvI,The Moment of Truth,youtube/transcripts-top/crypto-currently/undated-the-moment-of-truth-HgfU4KuGdvI.md,crypto-currently,crypto-currently,BTC,80.0,large,spot,0.9
,,HgfU4KuGdvI,https://www.youtube.com/watch?v=HgfU4KuGdvI,The Moment of Truth,youtube/transcripts-top/crypto-currently/undated-the-moment-of-truth-HgfU4KuGdvI.md,crypto-currently,crypto-currently,SOL,,medium,spot,0.7
,,HgfU4KuGdvI,https://www.youtube.com/watch?v=HgfU4KuGdvI,The Moment of Truth,youtube/transcripts-top/crypto-currently/undated-the-moment-of-truth-HgfU4KuGdvI.md,crypto-currently,crypto-currently,USD,20.0,small,cash,0.7
,,IXndoGXWNJM,https://www.youtube.com/watch?v=IXndoGXWNJM,The Mania Phase,youtube/transcripts-top/crypto-currently/undated-the-mania-phase-IXndoGXWNJM.md,crypto-currently,crypto-currently,BTC,,medium,spot,0.9
,,IXndoGXWNJM,https://www.youtube.com/watch?v=IXndoGXWNJM,The Mania Phase,youtube/transcripts-top/crypto-currently/undated-the-mania-phase-IXndoGXWNJM.md,crypto-currently,crypto-currently,ETH,,medium,spot,0.9
,,IXndoGXWNJM,https://www.youtube.com/watch?v=IXndoGXWNJM,The Mania Phase,youtube/transcripts-top/crypto-currently/undated-the-mania-phase-IXndoGXWNJM.md,crypto-currently,crypto-currently,SOL,,medium,spot,0.9
,,IXndoGXWNJM,https://www.youtube.com/watch?v=IXndoGXWNJM,The Mania Phase,youtube/transcripts-top/crypto-currently/undated-the-mania-phase-IXndoGXWNJM.md,crypto-currently,crypto-currently,USD,,medium,cash,0.8
,,Ie0K3C7ZVbE,https://www.youtube.com/watch?v=Ie0K3C7ZVbE,The Ethereum ETF,youtube/transcripts-top/crypto-currently/undated-the-ethereum-etf.md,crypto-currently,crypto-currently,ETH,,large,spot,0.9
,,Ie0K3C7ZVbE,https://www.youtube.com/watch?v=Ie0K3C7ZVbE,The Ethereum ETF,youtube/transcripts-top/crypto-currently/undated-the-ethereum-etf.md,crypto-currently,crypto-currently,BTC,80.0,80%,spot,0.9
,,Ie0K3C7ZVbE,https://www.youtube.com/watch?v=Ie0K3C7ZVbE,The Ethereum ETF,youtube/transcripts-top/crypto-currently/undated-the-ethereum-etf.md,crypto-currently,crypto-currently,USD,,medium,cash,0.7
,,Imc679L5hXo,https://www.youtube.com/watch?v=Imc679L5hXo,How Low Will Bitcoin Go?,youtube/transcripts-top/crypto-currently/undated-how-low-will-bitcoin-go.md,crypto-currently,crypto-currently,BTC,,large,spot,0.9
,,Imc679L5hXo,https://www.youtube.com/watch?v=Imc679L5hXo,How Low Will Bitcoin Go?,youtube/transcripts-top/crypto-currently/undated-how-low-will-bitcoin-go.md,crypto-currently,crypto-currently,ETH,,large,spot,0.9
,,Imc679L5hXo,https://www.youtube.com/watch?v=Imc679L5hXo,How Low Will Bitcoin Go?,youtube/transcripts-top/crypto-currently/undated-how-low-will-bitcoin-go.md,crypto-currently,crypto-currently,SOL,,medium,spot,0.9
,,Imc679L5hXo,https://www.youtube.com/watch?v=Imc679L5hXo,How Low Will Bitcoin Go?,youtube/transcripts-top/crypto-currently/undated-how-low-will-bitcoin-go.md,crypto-currently,crypto-currently,USD,,medium,cash,0.8
,,Iwq5TWe3ZAc,https://www.youtube.com/watch?v=Iwq5TWe3ZAc,Don't Get Fooled,youtube/transcripts-top/crypto-currently/undated-don-t-get-fooled-Iwq5TWe3ZAc.md,crypto-currently,crypto-currently,BTC,70.0,large,spot,0.9
,,Iwq5TWe3ZAc,https://www.youtube.com/watch?v=Iwq5TWe3ZAc,Don't Get Fooled,youtube/transcripts-top/crypto-currently/undated-don-t-get-fooled-Iwq5TWe3ZAc.md,crypto-currently,crypto-currently,USD,30.0,medium,cash,0.9
,,Iwq5TWe3ZAc,https://www.youtube.com/watch?v=Iwq5TWe3ZAc,Don't Get Fooled,youtube/transcripts-top/crypto-currently/undated-don-t-get-fooled-Iwq5TWe3ZAc.md,crypto-currently,crypto-currently,USD,30.0,medium,cash,0.9
,,J0EiW4hAuU0,https://www.youtube.com/watch?v=J0EiW4hAuU0,The Next Catalyst,youtube/transcripts-top/crypto-currently/undated-the-next-catalyst.md,crypto-currently,crypto-currently,BTC,,,spot,0.9
,,J0EiW4hAuU0,https://www.youtube.com/watch?v=J0EiW4hAuU0,The Next Catalyst,youtube/transcripts-top/crypto-currently/undated-the-next-catalyst.md,crypto-currently,crypto-currently,ETH,,,spot,0.7
,,J0EiW4hAuU0,https://www.youtube.com/watch?v=J0EiW4hAuU0,The Next Catalyst,youtube/transcripts-top/crypto-currently/undated-the-next-catalyst.md,crypto-currently,crypto-currently,USD,,medium,cash,0.9
,,J2rc0J2-9zE,https://www.youtube.com/watch?v=J2rc0J2-9zE,Don't Mess This Up,youtube/transcripts-top/crypto-currently/undated-don-t-mess-this-up-J2rc0J2-9zE.md,crypto-currently,crypto-currently,BTC,,,spot,0.7
,,J2rc0J2-9zE,https://www.youtube.com/watch?v=J2rc0J2-9zE,Don't Mess This Up,youtube/transcripts-top/crypto-currently/undated-don-t-mess-this-up-J2rc0J2-9zE.md,crypto-currently,crypto-currently,ETH,,,spot,0.7
,,J2rc0J2-9zE,https://www.youtube.com/watch?v=J2rc0J2-9zE,Don't Mess This Up,youtube/transcripts-top/crypto-currently/undated-don-t-mess-this-up-J2rc0J2-9zE.md,crypto-currently,crypto-currently,USD,,,cash,0.5
,,J6gJ9wXpOf0,https://www.youtube.com/watch?v=J6gJ9wXpOf0,Are You Ready?,youtube/transcripts-top/crypto-currently/undated-are-you-ready-J6gJ9wXpOf0.md,crypto-currently,crypto-currently,BTC,,medium,spot,0.9
,,J6gJ9wXpOf0,https://www.youtube.com/watch?v=J6gJ9wXpOf0,Are You Ready?,youtube/transcripts-top/crypto-currently/undated-are-you-ready-J6gJ9wXpOf0.md,crypto-currently,crypto-currently,ETH,,medium,spot,0.9
,,J6gJ9wXpOf0,https://www.youtube.com/watch?v=J6gJ9wXpOf0,Are You Ready?,youtube/transcripts-top/crypto-currently/undated-are-you-ready-J6gJ9wXpOf0.md,crypto-currently,crypto-currently,SOL,,,spot,0.5
,,J6gJ9wXpOf0,https://www.youtube.com/watch?v=J6gJ9wXpOf0,Are You Ready?,youtube/transcripts-top/crypto-currently/undated-are-you-ready-J6gJ9wXpOf0.md,crypto-currently,crypto-currently,USD,,medium,cash,0.9
2025-11-21,portfolio,JrjcNLs5MA4,https://www.youtube.com/watch?v=JrjcNLs5MA4,It's Time To Pay Attention,youtube/transcripts-top/crypto-currently/2025-11-21-it-s-time-to-pay-attention.md,crypto-currently,crypto-currently,BTC,,medium,spot,0.9
2025-11-21,portfolio,JrjcNLs5MA4,https://www.youtube.com/watch?v=JrjcNLs5MA4,It's Time To Pay Attention,youtube/transcripts-top/crypto-currently/2025-11-21-it-s-time-to-pay-attention.md,crypto-currently,crypto-currently,USD,,medium,cash,0.7
,,KS0UmGKDx68,https://www.youtube.com/watch?v=KS0UmGKDx68,Does The Bitcoin Halving Matter?,youtube/transcripts-top/crypto-currently/undated-does-the-bitcoin-halving-matter.md,crypto-currently,crypto-currently,BTC,50.0,large,spot,0.9
,,KS0UmGKDx68,https://www.youtube.com/watch?v=KS0UmGKDx68,Does The Bitcoin Halving Matter?,youtube/transcripts-top/crypto-currently/undated-does-the-bitcoin-halving-matter.md,crypto-currently,crypto-currently,ETH,40.0,large,spot,0.9
,,KS0UmGKDx68,https://www.youtube.com/watch?v=KS0UmGKDx68,Does The Bitcoin Halving Matter?,youtube/transcripts-top/crypto-currently/undated-does-the-bitcoin-halving-matter.md,crypto-currently,crypto-currently,SOL,10.0,small,spot,0.7
,,KS0UmGKDx68,https://www.youtube.com/watch?v=KS0UmGKDx68,Does The Bitcoin Halving Matter?,youtube/transcripts-top/crypto-currently/undated-does-the-bitcoin-halving-matter.md,crypto-currently,crypto-currently,USD,,,cash,0.5
,,KsIZp3PrMLA,https://www.youtube.com/watch?v=KsIZp3PrMLA,The Final Push,youtube/transcripts-top/crypto-currently/undated-the-final-push.md,crypto-currently,crypto-currently,BTC,,large,spot,0.9
,,KsIZp3PrMLA,https://www.youtube.com/watch?v=KsIZp3PrMLA,The Final Push,youtube/transcripts-top/crypto-currently/undated-the-final-push.md,crypto-currently,crypto-currently,ETH,,medium,spot,0.9
,,KsIZp3PrMLA,https://www.youtube.com/watch?v=KsIZp3PrMLA,The Final Push,youtube/transcripts-top/crypto-currently/undated-the-final-push.md,crypto-currently,crypto-currently,SOL,,small,spot,0.7
,,KsIZp3PrMLA,https://www.youtube.com/watch?v=KsIZp3PrMLA,The Final Push,youtube/transcripts-top/crypto-currently/undated-the-final-push.md,crypto-currently,crypto-currently,USD,30.0,medium,cash,0.9
,,LIjMGT4KULs,https://www.youtube.com/watch?v=LIjMGT4KULs,It's Happening Again,youtube/transcripts-top/crypto-currently/undated-it-s-happening-again.md,crypto-currently,crypto-currently,BTC,,,spot,0.9
,,LIjMGT4KULs,https://www.youtube.com/watch?v=LIjMGT4KULs,It's Happening Again,youtube/transcripts-top/crypto-currently/undated-it-s-happening-again.md,crypto-currently,crypto-currently,ETH,,,spot,0.9
,,LIjMGT4KULs,https://www.youtube.com/watch?v=LIjMGT4KULs,It's Happening Again,youtube/transcripts-top/crypto-currently/undated-it-s-happening-again.md,crypto-currently,crypto-currently,USD,,,cash,0.5
,,LZgKq3VUPlw,https://www.youtube.com/watch?v=LZgKq3VUPlw,Don't Fall For It,youtube/transcripts-top/crypto-currently/undated-don-t-fall-for-it-LZgKq3VUPlw.md,crypto-currently,crypto-currently,BTC,,medium,spot,0.9
,,LZgKq3VUPlw,https://www.youtube.com/watch?v=LZgKq3VUPlw,Don't Fall For It,youtube/transcripts-top/crypto-currently/undated-don-t-fall-for-it-LZgKq3VUPlw.md,crypto-currently,crypto-currently,USD,,medium,cash,0.7
,,LinIysnoXJQ,https://www.youtube.com/watch?v=LinIysnoXJQ,I Can't Believe It,youtube/transcripts-top/crypto-currently/undated-i-can-t-believe-it-LinIysnoXJQ.md,crypto-currently,crypto-currently,BTC,,large,spot,0.9
,,LinIysnoXJQ,https://www.youtube.com/watch?v=LinIysnoXJQ,I Can't Believe It,youtube/transcripts-top/crypto-currently/undated-i-can-t-believe-it-LinIysnoXJQ.md,crypto-currently,crypto-currently,USD,,medium,cash,0.8
,,LinIysnoXJQ,https://www.youtube.com/watch?v=LinIysnoXJQ,I Can't Believe It,youtube/transcripts-top/crypto-currently/undated-i-can-t-believe-it-LinIysnoXJQ.md,crypto-currently,crypto-currently,USD,,medium,cash,0.8
,,M7fed8PqRY0,https://www.youtube.com/watch?v=M7fed8PqRY0,Don't Mess This Up,youtube/transcripts-top/crypto-currently/undated-don-t-mess-this-up-M7fed8PqRY0.md,crypto-currently,crypto-currently,USD,,medium,cash,0.7
2025-10-08,portfolio,MIkbPOm89sQ,https://www.youtube.com/watch?v=MIkbPOm89sQ,It's Decision Time,youtube/transcripts-top/crypto-currently/undated-it-s-decision-time.md,crypto-currently,crypto-currently,USD,,medium,cash,0.9
2025-10-08,portfolio,MIkbPOm89sQ,https://www.youtube.com/watch?v=MIkbPOm89sQ,It's Decision Time,youtube/transcripts-top/crypto-currently/undated-it-s-decision-time.md,crypto-currently,crypto-currently,USD,,medium,cash,0.9
,,MOtn4bCEwhc,https://www.youtube.com/watch?v=MOtn4bCEwhc,Bitcoin Is Ready,youtube/transcripts-top/crypto-currently/undated-bitcoin-is-ready.md,crypto-currently,crypto-currently,BTC,,large,spot,0.9
,,MOtn4bCEwhc,https://www.youtube.com/watch?v=MOtn4bCEwhc,Bitcoin Is Ready,youtube/transcripts-top/crypto-currently/undated-bitcoin-is-ready.md,crypto-currently,crypto-currently,USD,30.0,medium,cash,0.8
,,MclCxWQxHhY,https://www.youtube.com/watch?v=MclCxWQxHhY,It's Show Time,youtube/transcripts-top/crypto-currently/undated-it-s-show-time.md,crypto-currently,crypto-currently,USD,,medium,cash,0.7
,,MrteVZAjoe0,https://www.youtube.com/watch?v=MrteVZAjoe0,It's Actually Happening,youtube/transcripts-top/crypto-currently/undated-it-s-actually-happening-MrteVZAjoe0.md,crypto-currently,crypto-currently,BTC,,medium,spot,0.9
,,MrteVZAjoe0,https://www.youtube.com/watch?v=MrteVZAjoe0,It's Actually Happening,youtube/transcripts-top/crypto-currently/undated-it-s-actually-happening-MrteVZAjoe0.md,crypto-currently,crypto-currently,USD,,medium,cash,0.8
,,MxDnqKvd9rY,https://www.youtube.com/watch?v=MxDnqKvd9rY,The Ethereum ETF Rally,youtube/transcripts-top/crypto-currently/undated-the-ethereum-etf-rally.md,crypto-currently,crypto-currently,BTC,50.0,medium,spot,0.9
,,MxDnqKvd9rY,https://www.youtube.com/watch?v=MxDnqKvd9rY,The Ethereum ETF Rally,youtube/transcripts-top/crypto-currently/undated-the-ethereum-etf-rally.md,crypto-currently,crypto-currently,ETH,25.0,medium,spot,0.9
,,MxDnqKvd9rY,https://www.youtube.com/watch?v=MxDnqKvd9rY,The Ethereum ETF Rally,youtube/transcripts-top/crypto-currently/undated-the-ethereum-etf-rally.md,crypto-currently,crypto-currently,USD,40.0,medium,cash,0.9
,,MxDnqKvd9rY,https://www.youtube.com/watch?v=MxDnqKvd9rY,The Ethereum ETF Rally,youtube/transcripts-top/crypto-currently/undated-the-ethereum-etf-rally.md,crypto-currently,crypto-currently,USD,40.0,medium,cash,0.9
,,NL0RhKtf-iU,https://www.youtube.com/watch?v=NL0RhKtf-iU,Don't Mess This Up,youtube/transcripts-top/crypto-currently/undated-don-t-mess-this-up-NL0RhKtf-iU.md,crypto-currently,crypto-currently,BTC,,medium,spot,0.9
,,NL0RhKtf-iU,https://www.youtube.com/watch?v=NL0RhKtf-iU,Don't Mess This Up,youtube/transcripts-top/crypto-currently/undated-don-t-mess-this-up-NL0RhKtf-iU.md,crypto-currently,crypto-currently,ETH,,medium,spot,0.9
,,NL0RhKtf-iU,https://www.youtube.com/watch?v=NL0RhKtf-iU,Don't Mess This Up,youtube/transcripts-top/crypto-currently/undated-don-t-mess-this-up-NL0RhKtf-iU.md,crypto-currently,crypto-currently,SOL,,small,spot,0.7
,,NL0RhKtf-iU,https://www.youtube.com/watch?v=NL0RhKtf-iU,Don't Mess This Up,youtube/transcripts-top/crypto-currently/undated-don-t-mess-this-up-NL0RhKtf-iU.md,crypto-currently,crypto-currently,USD,,medium,cash,0.9
2026-03-19,portfolio,NiTx_NiThxI,https://www.youtube.com/watch?v=NiTx_NiThxI,The Wall of Worry,youtube/transcripts-top/crypto-currently/undated-the-wall-of-worry.md,crypto-currently,crypto-currently,BTC,,,spot,0.9
2026-03-19,portfolio,NiTx_NiThxI,https://www.youtube.com/watch?v=NiTx_NiThxI,The Wall of Worry,youtube/transcripts-top/crypto-currently/undated-the-wall-of-worry.md,crypto-currently,crypto-currently,ETH,,,spot,0.9
2026-03-19,portfolio,NiTx_NiThxI,https://www.youtube.com/watch?v=NiTx_NiThxI,The Wall of Worry,youtube/transcripts-top/crypto-currently/undated-the-wall-of-worry.md,crypto-currently,crypto-currently,SOL,,,spot,0.9
2026-03-19,portfolio,NiTx_NiThxI,https://www.youtube.com/watch?v=NiTx_NiThxI,The Wall of Worry,youtube/transcripts-top/crypto-currently/undated-the-wall-of-worry.md,crypto-currently,crypto-currently,USD,,,cash,0.5
2026-01-20,portfolio,NmTLa8xcpMQ,https://www.youtube.com/watch?v=NmTLa8xcpMQ,It's Happening Again,youtube/transcripts-top/crypto-currently/2026-01-20-it-s-happening-again.md,crypto-currently,crypto-currently,BTC,,medium,spot,0.9
2026-01-20,portfolio,NmTLa8xcpMQ,https://www.youtube.com/watch?v=NmTLa8xcpMQ,It's Happening Again,youtube/transcripts-top/crypto-currently/2026-01-20-it-s-happening-again.md,crypto-currently,crypto-currently,USD,,medium,cash,0.9
2026-01-20,portfolio,NmTLa8xcpMQ,https://www.youtube.com/watch?v=NmTLa8xcpMQ,It's Happening Again,youtube/transcripts-top/crypto-currently/2026-01-20-it-s-happening-again.md,crypto-currently,crypto-currently,USD,,medium,cash,0.9
,,O1Vyn49zAYE,https://www.youtube.com/watch?v=O1Vyn49zAYE,We Have Seen This Before,youtube/transcripts-top/crypto-currently/undated-we-have-seen-this-before-O1Vyn49zAYE.md,crypto-currently,crypto-currently,BTC,,medium,spot,0.9
,,O1Vyn49zAYE,https://www.youtube.com/watch?v=O1Vyn49zAYE,We Have Seen This Before,youtube/transcripts-top/crypto-currently/undated-we-have-seen-this-before-O1Vyn49zAYE.md,crypto-currently,crypto-currently,ETH,,medium,spot,0.9
,,O1Vyn49zAYE,https://www.youtube.com/watch?v=O1Vyn49zAYE,We Have Seen This Before,youtube/transcripts-top/crypto-currently/undated-we-have-seen-this-before-O1Vyn49zAYE.md,crypto-currently,crypto-currently,USD,,small,cash,0.8
,,O8JBgWeUwHs,https://www.youtube.com/watch?v=O8JBgWeUwHs,This Cycle Is Different,youtube/transcripts-top/crypto-currently/undated-this-cycle-is-different-O8JBgWeUwHs.md,crypto-currently,crypto-currently,BTC,,large,spot,0.9
,,O8JBgWeUwHs,https://www.youtube.com/watch?v=O8JBgWeUwHs,This Cycle Is Different,youtube/transcripts-top/crypto-currently/undated-this-cycle-is-different-O8JBgWeUwHs.md,crypto-currently,crypto-currently,USD,,medium,cash,0.8
,,O8JBgWeUwHs,https://www.youtube.com/watch?v=O8JBgWeUwHs,This Cycle Is Different,youtube/transcripts-top/crypto-currently/undated-this-cycle-is-different-O8JBgWeUwHs.md,crypto-currently,crypto-currently,OTHER:SOL|ADA|AVAX|LINK|DOGE|XRP|MSTR,,medium,spot,0.7
,,O8JBgWeUwHs,https://www.youtube.com/watch?v=O8JBgWeUwHs,This Cycle Is Different,youtube/transcripts-top/crypto-currently/undated-this-cycle-is-different-O8JBgWeUwHs.md,crypto-currently,crypto-currently,USD,,medium,cash,0.8
2026-01-29,portfolio,O8zC-pjhIME,https://www.youtube.com/watch?v=O8zC-pjhIME,I Can't Believe This,youtube/transcripts-top/crypto-currently/2026-01-29-i-can-t-believe-this.md,crypto-currently,crypto-currently,BTC,,large,spot,0.9
2026-01-29,portfolio,O8zC-pjhIME,https://www.youtube.com/watch?v=O8zC-pjhIME,I Can't Believe This,youtube/transcripts-top/crypto-currently/2026-01-29-i-can-t-believe-this.md,crypto-currently,crypto-currently,ETH,,medium,spot,0.9
2026-01-29,portfolio,O8zC-pjhIME,https://www.youtube.com/watch?v=O8zC-pjhIME,I Can't Believe This,youtube/transcripts-top/crypto-currently/2026-01-29-i-can-t-believe-this.md,crypto-currently,crypto-currently,SOL,,medium,spot,0.9
2026-01-29,portfolio,O8zC-pjhIME,https://www.youtube.com/watch?v=O8zC-pjhIME,I Can't Believe This,youtube/transcripts-top/crypto-currently/2026-01-29-i-can-t-believe-this.md,crypto-currently,crypto-currently,USD,,large,cash,0.9
,,OEqpc9e25S8,https://www.youtube.com/watch?v=OEqpc9e25S8,This Cycle IS Different,youtube/transcripts-top/crypto-currently/undated-this-cycle-is-different-OEqpc9e25S8.md,crypto-currently,crypto-currently,BTC,,medium,spot,0.9
,,OEqpc9e25S8,https://www.youtube.com/watch?v=OEqpc9e25S8,This Cycle IS Different,youtube/transcripts-top/crypto-currently/undated-this-cycle-is-different-OEqpc9e25S8.md,crypto-currently,crypto-currently,USD,,large,cash,0.9
,,OEqpc9e25S8,https://www.youtube.com/watch?v=OEqpc9e25S8,This Cycle IS Different,youtube/transcripts-top/crypto-currently/undated-this-cycle-is-different-OEqpc9e25S8.md,crypto-currently,crypto-currently,USD,,large,cash,0.9
,,OGwyxMc1wuA,https://www.youtube.com/watch?v=OGwyxMc1wuA,This Can't Be Ignored,youtube/transcripts-top/crypto-currently/undated-this-can-t-be-ignored-OGwyxMc1wuA.md,crypto-currently,crypto-currently,BTC,,medium,spot,0.9
,,OGwyxMc1wuA,https://www.youtube.com/watch?v=OGwyxMc1wuA,This Can't Be Ignored,youtube/transcripts-top/crypto-currently/undated-this-can-t-be-ignored-OGwyxMc1wuA.md,crypto-currently,crypto-currently,SOL,,medium,spot,0.9
,,OGwyxMc1wuA,https://www.youtube.com/watch?v=OGwyxMc1wuA,This Can't Be Ignored,youtube/transcripts-top/crypto-currently/undated-this-can-t-be-ignored-OGwyxMc1wuA.md,crypto-currently,crypto-currently,ETH,,small,spot,0.9
,,OGwyxMc1wuA,https://www.youtube.com/watch?v=OGwyxMc1wuA,This Can't Be Ignored,youtube/transcripts-top/crypto-currently/undated-this-can-t-be-ignored-OGwyxMc1wuA.md,crypto-currently,crypto-currently,USD,,medium,cash,0.7
,,OWNuj-ZzzPI,https://www.youtube.com/watch?v=OWNuj-ZzzPI,It's Finally Time,youtube/transcripts-top/crypto-currently/undated-it-s-finally-time.md,crypto-currently,crypto-currently,BTC,,medium,spot,0.9
,,OWNuj-ZzzPI,https://www.youtube.com/watch?v=OWNuj-ZzzPI,It's Finally Time,youtube/transcripts-top/crypto-currently/undated-it-s-finally-time.md,crypto-currently,crypto-currently,ETH,,medium,spot,0.9
,,OWNuj-ZzzPI,https://www.youtube.com/watch?v=OWNuj-ZzzPI,It's Finally Time,youtube/transcripts-top/crypto-currently/undated-it-s-finally-time.md,crypto-currently,crypto-currently,SOL,,medium,spot,0.9
,,OWNuj-ZzzPI,https://www.youtube.com/watch?v=OWNuj-ZzzPI,It's Finally Time,youtube/transcripts-top/crypto-currently/undated-it-s-finally-time.md,crypto-currently,crypto-currently,USD,,medium,cash,0.7
2025-12-21,portfolio,OYZzS7QBOc0,https://www.youtube.com/watch?v=OYZzS7QBOc0,It's Almost There,youtube/transcripts-top/crypto-currently/2025-12-21-it-s-almost-there.md,crypto-currently,crypto-currently,BTC,,,spot,0.9
2025-12-21,portfolio,OYZzS7QBOc0,https://www.youtube.com/watch?v=OYZzS7QBOc0,It's Almost There,youtube/transcripts-top/crypto-currently/2025-12-21-it-s-almost-there.md,crypto-currently,crypto-currently,USD,,medium,cash,0.9
,,OZ0sDwwe6T8,https://www.youtube.com/watch?v=OZ0sDwwe6T8,What Will Bitcoin Do Next?,youtube/transcripts-top/crypto-currently/undated-what-will-bitcoin-do-next.md,crypto-currently,crypto-currently,BTC,,medium,spot,0.9
,,OZ0sDwwe6T8,https://www.youtube.com/watch?v=OZ0sDwwe6T8,What Will Bitcoin Do Next?,youtube/transcripts-top/crypto-currently/undated-what-will-bitcoin-do-next.md,crypto-currently,crypto-currently,ETH,,medium,spot,0.9
,,OZ0sDwwe6T8,https://www.youtube.com/watch?v=OZ0sDwwe6T8,What Will Bitcoin Do Next?,youtube/transcripts-top/crypto-currently/undated-what-will-bitcoin-do-next.md,crypto-currently,crypto-currently,USD,25.0,small,cash,0.9
,,OnwfZetDX_g,https://www.youtube.com/watch?v=OnwfZetDX_g,The Last Pullback,youtube/transcripts-top/crypto-currently/undated-the-last-pullback.md,crypto-currently,crypto-currently,BTC,,medium,spot,0.9
,,OnwfZetDX_g,https://www.youtube.com/watch?v=OnwfZetDX_g,The Last Pullback,youtube/transcripts-top/crypto-currently/undated-the-last-pullback.md,crypto-currently,crypto-currently,USD,,medium,cash,0.9
,,OnwfZetDX_g,https://www.youtube.com/watch?v=OnwfZetDX_g,The Last Pullback,youtube/transcripts-top/crypto-currently/undated-the-last-pullback.md,crypto-currently,crypto-currently,USD,,medium,cash,0.9
,,PJupwIIz4Sw,https://www.youtube.com/watch?v=PJupwIIz4Sw,The Final Countdown,youtube/transcripts-top/crypto-currently/undated-the-final-countdown.md,crypto-currently,crypto-currently,BTC,,medium,spot,0.9
,,PJupwIIz4Sw,https://www.youtube.com/watch?v=PJupwIIz4Sw,The Final Countdown,youtube/transcripts-top/crypto-currently/undated-the-final-countdown.md,crypto-currently,crypto-currently,SOL,,small,spot,0.7
,,PJupwIIz4Sw,https://www.youtube.com/watch?v=PJupwIIz4Sw,The Final Countdown,youtube/transcripts-top/crypto-currently/undated-the-final-countdown.md,crypto-currently,crypto-currently,ETH,,small,spot,0.7
,,PJupwIIz4Sw,https://www.youtube.com/watch?v=PJupwIIz4Sw,The Final Countdown,youtube/transcripts-top/crypto-currently/undated-the-final-countdown.md,crypto-currently,crypto-currently,USD,,medium,cash,0.7
,,PhBk0vpI5xk,https://www.youtube.com/watch?v=PhBk0vpI5xk,Get Ready,youtube/transcripts-top/crypto-currently/undated-get-ready.md,crypto-currently,crypto-currently,BTC,,medium,spot,0.9
,,PhBk0vpI5xk,https://www.youtube.com/watch?v=PhBk0vpI5xk,Get Ready,youtube/transcripts-top/crypto-currently/undated-get-ready.md,crypto-currently,crypto-currently,ETH,,small,spot,0.9
,,PhBk0vpI5xk,https://www.youtube.com/watch?v=PhBk0vpI5xk,Get Ready,youtube/transcripts-top/crypto-currently/undated-get-ready.md,crypto-currently,crypto-currently,USD,,medium,cash,0.9
,,PtYFt2bnpCQ,https://www.youtube.com/watch?v=PtYFt2bnpCQ,I Can't Believe It,youtube/transcripts-top/crypto-currently/undated-i-can-t-believe-it-PtYFt2bnpCQ.md,crypto-currently,crypto-currently,USD,,medium,cash,0.7
,,QTEYmYEfUNs,https://www.youtube.com/watch?v=QTEYmYEfUNs,Has Bitcoin Bottomed?,youtube/transcripts-top/crypto-currently/undated-has-bitcoin-bottomed.md,crypto-currently,crypto-currently,BTC,80.0,large,spot,0.9
,,QTEYmYEfUNs,https://www.youtube.com/watch?v=QTEYmYEfUNs,Has Bitcoin Bottomed?,youtube/transcripts-top/crypto-currently/undated-has-bitcoin-bottomed.md,crypto-currently,crypto-currently,SOL,,medium,spot,0.7
,,QTEYmYEfUNs,https://www.youtube.com/watch?v=QTEYmYEfUNs,Has Bitcoin Bottomed?,youtube/transcripts-top/crypto-currently/undated-has-bitcoin-bottomed.md,crypto-currently,crypto-currently,ETH,,medium,spot,0.7
,,QTEYmYEfUNs,https://www.youtube.com/watch?v=QTEYmYEfUNs,Has Bitcoin Bottomed?,youtube/transcripts-top/crypto-currently/undated-has-bitcoin-bottomed.md,crypto-currently,crypto-currently,USD,,medium,cash,0.7
,,QU6kmXaTJyI,https://www.youtube.com/watch?v=QU6kmXaTJyI,Bitcoin Breakout CONFIRMED,youtube/transcripts-top/crypto-currently/undated-bitcoin-breakout-confirmed.md,crypto-currently,crypto-currently,BTC,,large,spot,0.9
,,QU6kmXaTJyI,https://www.youtube.com/watch?v=QU6kmXaTJyI,Bitcoin Breakout CONFIRMED,youtube/transcripts-top/crypto-currently/undated-bitcoin-breakout-confirmed.md,crypto-currently,crypto-currently,USD,,medium,cash,0.8
,,QuPJU_178Bs,https://www.youtube.com/watch?v=QuPJU_178Bs,This Cycle Is Different,youtube/transcripts-top/crypto-currently/undated-this-cycle-is-different-QuPJU_178Bs.md,crypto-currently,crypto-currently,USD,,medium,cash,0.7
,,RVztLCRjOUI,https://www.youtube.com/watch?v=RVztLCRjOUI,It's Beautiful,youtube/transcripts-top/crypto-currently/undated-it-s-beautiful.md,crypto-currently,crypto-currently,BTC,,medium,spot,0.9
,,RVztLCRjOUI,https://www.youtube.com/watch?v=RVztLCRjOUI,It's Beautiful,youtube/transcripts-top/crypto-currently/undated-it-s-beautiful.md,crypto-currently,crypto-currently,USD,,medium,cash,0.8
2025-09-18,portfolio,SdpG7ZOvyZA,https://www.youtube.com/watch?v=SdpG7ZOvyZA,It Finally Happened,youtube/transcripts-top/crypto-currently/undated-it-finally-happened.md,crypto-currently,crypto-currently,BTC,,medium,spot,0.9
2025-09-18,portfolio,SdpG7ZOvyZA,https://www.youtube.com/watch?v=SdpG7ZOvyZA,It Finally Happened,youtube/transcripts-top/crypto-currently/undated-it-finally-happened.md,crypto-currently,crypto-currently,ETH,,medium,spot,0.9
2025-09-18,portfolio,SdpG7ZOvyZA,https://www.youtube.com/watch?v=SdpG7ZOvyZA,It Finally Happened,youtube/transcripts-top/crypto-currently/undated-it-finally-happened.md,crypto-currently,crypto-currently,SOL,,medium,spot,0.9
2025-09-18,portfolio,SdpG7ZOvyZA,https://www.youtube.com/watch?v=SdpG7ZOvyZA,It Finally Happened,youtube/transcripts-top/crypto-currently/undated-it-finally-happened.md,crypto-currently,crypto-currently,MSTR,,,spot,0.7
2025-09-18,portfolio,SdpG7ZOvyZA,https://www.youtube.com/watch?v=SdpG7ZOvyZA,It Finally Happened,youtube/transcripts-top/crypto-currently/undated-it-finally-happened.md,crypto-currently,crypto-currently,USD,,medium,cash,0.9
2026-01-20,portfolio,T3qNzd9o7l8,https://www.youtube.com/watch?v=T3qNzd9o7l8,It's Finally Happening,youtube/transcripts-top/crypto-currently/2026-01-20-it-s-finally-happening.md,crypto-currently,crypto-currently,BTC,70.0,large,spot,0.9
2026-01-20,portfolio,T3qNzd9o7l8,https://www.youtube.com/watch?v=T3qNzd9o7l8,It's Finally Happening,youtube/transcripts-top/crypto-currently/2026-01-20-it-s-finally-happening.md,crypto-currently,crypto-currently,USD,30.0,medium,cash,0.9
2026-01-20,portfolio,T3qNzd9o7l8,https://www.youtube.com/watch?v=T3qNzd9o7l8,It's Finally Happening,youtube/transcripts-top/crypto-currently/2026-01-20-it-s-finally-happening.md,crypto-currently,crypto-currently,USD,30.0,medium,cash,0.9
,,T6I9rOFvNPw,https://www.youtube.com/watch?v=T6I9rOFvNPw,Has Bitcoin Topped?,youtube/transcripts-top/crypto-currently/undated-has-bitcoin-topped.md,crypto-currently,crypto-currently,BTC,,medium,spot,0.9
,,T6I9rOFvNPw,https://www.youtube.com/watch?v=T6I9rOFvNPw,Has Bitcoin Topped?,youtube/transcripts-top/crypto-currently/undated-has-bitcoin-topped.md,crypto-currently,crypto-currently,ETH,,medium,spot,0.9
2025-10-16,portfolio,TSg8uP7m00E,https://www.youtube.com/watch?v=TSg8uP7m00E,Are You Ready?,youtube/transcripts-top/crypto-currently/undated-are-you-ready.md,crypto-currently,crypto-currently,BTC,,medium,spot,0.9
2025-10-16,portfolio,TSg8uP7m00E,https://www.youtube.com/watch?v=TSg8uP7m00E,Are You Ready?,youtube/transcripts-top/crypto-currently/undated-are-you-ready.md,crypto-currently,crypto-currently,ETH,,medium,spot,0.9
2025-10-16,portfolio,TSg8uP7m00E,https://www.youtube.com/watch?v=TSg8uP7m00E,Are You Ready?,youtube/transcripts-top/crypto-currently/undated-are-you-ready.md,crypto-currently,crypto-currently,SOL,,medium,spot,0.9
2025-10-16,portfolio,TSg8uP7m00E,https://www.youtube.com/watch?v=TSg8uP7m00E,Are You Ready?,youtube/transcripts-top/crypto-currently/undated-are-you-ready.md,crypto-currently,crypto-currently,USD,,medium,cash,0.9
,,TnUxIcHArIQ,https://www.youtube.com/watch?v=TnUxIcHArIQ,Right On Time,youtube/transcripts-top/crypto-currently/undated-right-on-time.md,crypto-currently,crypto-currently,BTC,,medium,spot,0.9
,,TnUxIcHArIQ,https://www.youtube.com/watch?v=TnUxIcHArIQ,Right On Time,youtube/transcripts-top/crypto-currently/undated-right-on-time.md,crypto-currently,crypto-currently,USD,,medium,cash,0.7
,,Twx-2-pUefo,https://www.youtube.com/watch?v=Twx-2-pUefo,The Mania Phase,youtube/transcripts-top/crypto-currently/undated-the-mania-phase-Twx-2-pUefo.md,crypto-currently,crypto-currently,USD,,medium,cash,0.7
,,UahIe6gs86I,https://www.youtube.com/watch?v=UahIe6gs86I,It Finally Happened,youtube/transcripts-top/crypto-currently/undated-it-finally-happened-UahIe6gs86I.md,crypto-currently,crypto-currently,BTC,,large,spot,0.9
,,UahIe6gs86I,https://www.youtube.com/watch?v=UahIe6gs86I,It Finally Happened,youtube/transcripts-top/crypto-currently/undated-it-finally-happened-UahIe6gs86I.md,crypto-currently,crypto-currently,ETH,,medium,spot,0.7
,,UahIe6gs86I,https://www.youtube.com/watch?v=UahIe6gs86I,It Finally Happened,youtube/transcripts-top/crypto-currently/undated-it-finally-happened-UahIe6gs86I.md,crypto-currently,crypto-currently,SOL,,small,spot,0.5
,,UahIe6gs86I,https://www.youtube.com/watch?v=UahIe6gs86I,It Finally Happened,youtube/transcripts-top/crypto-currently/undated-it-finally-happened-UahIe6gs86I.md,crypto-currently,crypto-currently,USD,,small,cash,0.7
,,Um6fOM_4wJ4,https://www.youtube.com/watch?v=Um6fOM_4wJ4,Don't Get Fooled,youtube/transcripts-top/crypto-currently/undated-don-t-get-fooled-Um6fOM_4wJ4.md,crypto-currently,crypto-currently,ETH,,medium,spot,0.9
,,Um6fOM_4wJ4,https://www.youtube.com/watch?v=Um6fOM_4wJ4,Don't Get Fooled,youtube/transcripts-top/crypto-currently/undated-don-t-get-fooled-Um6fOM_4wJ4.md,crypto-currently,crypto-currently,SOL,,medium,spot,0.9
,,Unjy3zEyriE,https://www.youtube.com/watch?v=Unjy3zEyriE,They Just Keep Selling,youtube/transcripts-top/crypto-currently/undated-they-just-keep-selling.md,crypto-currently,crypto-currently,BTC,,large,spot,0.9
,,Unjy3zEyriE,https://www.youtube.com/watch?v=Unjy3zEyriE,They Just Keep Selling,youtube/transcripts-top/crypto-currently/undated-they-just-keep-selling.md,crypto-currently,crypto-currently,ETH,,medium,spot,0.7
,,Unjy3zEyriE,https://www.youtube.com/watch?v=Unjy3zEyriE,They Just Keep Selling,youtube/transcripts-top/crypto-currently/undated-they-just-keep-selling.md,crypto-currently,crypto-currently,SOL,,small,spot,0.5
,,Unjy3zEyriE,https://www.youtube.com/watch?v=Unjy3zEyriE,They Just Keep Selling,youtube/transcripts-top/crypto-currently/undated-they-just-keep-selling.md,crypto-currently,crypto-currently,USD,,medium,cash,0.8
,,Uxn9GVtaEo0,https://www.youtube.com/watch?v=Uxn9GVtaEo0,Bitcoin Will SHOCK Everyone,youtube/transcripts-top/crypto-currently/undated-bitcoin-will-shock-everyone.md,crypto-currently,crypto-currently,BTC,,large,spot,0.9
,,Uxn9GVtaEo0,https://www.youtube.com/watch?v=Uxn9GVtaEo0,Bitcoin Will SHOCK Everyone,youtube/transcripts-top/crypto-currently/undated-bitcoin-will-shock-everyone.md,crypto-currently,crypto-currently,USD,,medium,cash,0.7
,,Uxn9GVtaEo0,https://www.youtube.com/watch?v=Uxn9GVtaEo0,Bitcoin Will SHOCK Everyone,youtube/transcripts-top/crypto-currently/undated-bitcoin-will-shock-everyone.md,crypto-currently,crypto-currently,USD,,medium,cash,0.7
,,V-9NM-qnYe4,https://www.youtube.com/watch?v=V-9NM-qnYe4,Keep it Simple,youtube/transcripts-top/crypto-currently/undated-keep-it-simple.md,crypto-currently,crypto-currently,ETH,,medium,spot,0.7
,,V-9NM-qnYe4,https://www.youtube.com/watch?v=V-9NM-qnYe4,Keep it Simple,youtube/transcripts-top/crypto-currently/undated-keep-it-simple.md,crypto-currently,crypto-currently,SOL,,small,spot,0.5
,,V-9NM-qnYe4,https://www.youtube.com/watch?v=V-9NM-qnYe4,Keep it Simple,youtube/transcripts-top/crypto-currently/undated-keep-it-simple.md,crypto-currently,crypto-currently,USD,,small,cash,0.6
,,V8QrBERPBKA,https://www.youtube.com/watch?v=V8QrBERPBKA,The Endgame,youtube/transcripts-top/crypto-currently/undated-the-endgame-V8QrBERPBKA.md,crypto-currently,crypto-currently,BTC,,,spot,0.9
,,V8QrBERPBKA,https://www.youtube.com/watch?v=V8QrBERPBKA,The Endgame,youtube/transcripts-top/crypto-currently/undated-the-endgame-V8QrBERPBKA.md,crypto-currently,crypto-currently,SOL,,,spot,0.9
,,V8QrBERPBKA,https://www.youtube.com/watch?v=V8QrBERPBKA,The Endgame,youtube/transcripts-top/crypto-currently/undated-the-endgame-V8QrBERPBKA.md,crypto-currently,crypto-currently,USD,,medium,cash,0.8
2026-02-25,portfolio,VA-khDpLF_4,https://www.youtube.com/watch?v=VA-khDpLF_4,It's Actually Happening,youtube/transcripts-top/crypto-currently/undated-it-s-actually-happening.md,crypto-currently,crypto-currently,BTC,,large,spot,0.9
2026-02-25,portfolio,VA-khDpLF_4,https://www.youtube.com/watch?v=VA-khDpLF_4,It's Actually Happening,youtube/transcripts-top/crypto-currently/undated-it-s-actually-happening.md,crypto-currently,crypto-currently,USD,,medium,cash,0.7
,,VO8yQksPaDg,https://www.youtube.com/watch?v=VO8yQksPaDg,Don't Fall For It,youtube/transcripts-top/crypto-currently/undated-don-t-fall-for-it-VO8yQksPaDg.md,crypto-currently,crypto-currently,USD,,medium,cash,0.7
,,VT-2-srlzhY,https://www.youtube.com/watch?v=VT-2-srlzhY,This Cycle IS Different,youtube/transcripts-top/crypto-currently/undated-this-cycle-is-different.md,crypto-currently,crypto-currently,USD,,large,cash,0.9
,,VT-2-srlzhY,https://www.youtube.com/watch?v=VT-2-srlzhY,This Cycle IS Different,youtube/transcripts-top/crypto-currently/undated-this-cycle-is-different.md,crypto-currently,crypto-currently,USD,,large,cash,0.9
,,W4G-JyDp5rY,https://www.youtube.com/watch?v=W4G-JyDp5rY,The Everything Bubble,youtube/transcripts-top/crypto-currently/undated-the-everything-bubble.md,crypto-currently,crypto-currently,USD,,medium,cash,0.7
,,WysZpfBUZfw,https://www.youtube.com/watch?v=WysZpfBUZfw,It's So Close,youtube/transcripts-top/crypto-currently/undated-it-s-so-close.md,crypto-currently,crypto-currently,BTC,,medium,spot,0.9
,,WysZpfBUZfw,https://www.youtube.com/watch?v=WysZpfBUZfw,It's So Close,youtube/transcripts-top/crypto-currently/undated-it-s-so-close.md,crypto-currently,crypto-currently,ETH,,medium,spot,0.9
,,WysZpfBUZfw,https://www.youtube.com/watch?v=WysZpfBUZfw,It's So Close,youtube/transcripts-top/crypto-currently/undated-it-s-so-close.md,crypto-currently,crypto-currently,SOL,,small,spot,0.7
,,WysZpfBUZfw,https://www.youtube.com/watch?v=WysZpfBUZfw,It's So Close,youtube/transcripts-top/crypto-currently/undated-it-s-so-close.md,crypto-currently,crypto-currently,USD,,medium,cash,0.9
2025-12-21,portfolio,X5VBwjMhB6A,https://www.youtube.com/watch?v=X5VBwjMhB6A,Don't Mess This Up,youtube/transcripts-top/crypto-currently/2025-12-21-don-t-mess-this-up.md,crypto-currently,crypto-currently,BTC,,medium,spot,0.9
2025-12-21,portfolio,X5VBwjMhB6A,https://www.youtube.com/watch?v=X5VBwjMhB6A,Don't Mess This Up,youtube/transcripts-top/crypto-currently/2025-12-21-don-t-mess-this-up.md,crypto-currently,crypto-currently,ETH,,medium,spot,0.9
2025-12-21,portfolio,X5VBwjMhB6A,https://www.youtube.com/watch?v=X5VBwjMhB6A,Don't Mess This Up,youtube/transcripts-top/crypto-currently/2025-12-21-don-t-mess-this-up.md,crypto-currently,crypto-currently,SOL,,medium,spot,0.9
2025-12-21,portfolio,X5VBwjMhB6A,https://www.youtube.com/watch?v=X5VBwjMhB6A,Don't Mess This Up,youtube/transcripts-top/crypto-currently/2025-12-21-don-t-mess-this-up.md,crypto-currently,crypto-currently,USD,,medium,cash,0.9
2026-04-15,portfolio,XJanourvjpI,https://www.youtube.com/watch?v=XJanourvjpI,It's Looking Good,youtube/transcripts-top/crypto-currently/undated-it-s-looking-good.md,crypto-currently,crypto-currently,BTC,,large,spot,0.9
2026-04-15,portfolio,XJanourvjpI,https://www.youtube.com/watch?v=XJanourvjpI,It's Looking Good,youtube/transcripts-top/crypto-currently/undated-it-s-looking-good.md,crypto-currently,crypto-currently,MSTR,,small,spot,0.7
2026-04-15,portfolio,XJanourvjpI,https://www.youtube.com/watch?v=XJanourvjpI,It's Looking Good,youtube/transcripts-top/crypto-currently/undated-it-s-looking-good.md,crypto-currently,crypto-currently,USD,,medium,cash,0.7
,,XKqD0JZk8TU,https://www.youtube.com/watch?v=XKqD0JZk8TU,Right On Schedule,youtube/transcripts-top/crypto-currently/undated-right-on-schedule.md,crypto-currently,crypto-currently,BTC,,,spot,0.9
,,XKqD0JZk8TU,https://www.youtube.com/watch?v=XKqD0JZk8TU,Right On Schedule,youtube/transcripts-top/crypto-currently/undated-right-on-schedule.md,crypto-currently,crypto-currently,USD,30.0,medium,cash,0.9
,,XMU58PCu1x4,https://www.youtube.com/watch?v=XMU58PCu1x4,The Moment of Truth,youtube/transcripts-top/crypto-currently/undated-the-moment-of-truth-XMU58PCu1x4.md,crypto-currently,crypto-currently,BTC,,medium,spot,0.9
,,XMU58PCu1x4,https://www.youtube.com/watch?v=XMU58PCu1x4,The Moment of Truth,youtube/transcripts-top/crypto-currently/undated-the-moment-of-truth-XMU58PCu1x4.md,crypto-currently,crypto-currently,SOL,,small,spot,0.7
,,XMU58PCu1x4,https://www.youtube.com/watch?v=XMU58PCu1x4,The Moment of Truth,youtube/transcripts-top/crypto-currently/undated-the-moment-of-truth-XMU58PCu1x4.md,crypto-currently,crypto-currently,ETH,,medium,spot,0.7
,,XMU58PCu1x4,https://www.youtube.com/watch?v=XMU58PCu1x4,The Moment of Truth,youtube/transcripts-top/crypto-currently/undated-the-moment-of-truth-XMU58PCu1x4.md,crypto-currently,crypto-currently,MSTR,,small,spot,0.7
,,XMU58PCu1x4,https://www.youtube.com/watch?v=XMU58PCu1x4,The Moment of Truth,youtube/transcripts-top/crypto-currently/undated-the-moment-of-truth-XMU58PCu1x4.md,crypto-currently,crypto-currently,USD,,medium,cash,0.8
,,XMU58PCu1x4,https://www.youtube.com/watch?v=XMU58PCu1x4,The Moment of Truth,youtube/transcripts-top/crypto-currently/undated-the-moment-of-truth-XMU58PCu1x4.md,crypto-currently,crypto-currently,USD,,medium,cash,0.8
2026-01-20,portfolio,XNcqNO4kzys,https://www.youtube.com/watch?v=XNcqNO4kzys,It's Decision Time,youtube/transcripts-top/crypto-currently/2026-01-20-it-s-decision-time.md,crypto-currently,crypto-currently,BTC,,,spot,0.9
2026-01-20,portfolio,XNcqNO4kzys,https://www.youtube.com/watch?v=XNcqNO4kzys,It's Decision Time,youtube/transcripts-top/crypto-currently/2026-01-20-it-s-decision-time.md,crypto-currently,crypto-currently,USD,30.0,medium,cash,0.7
2026-01-20,portfolio,XNcqNO4kzys,https://www.youtube.com/watch?v=XNcqNO4kzys,It's Decision Time,youtube/transcripts-top/crypto-currently/2026-01-20-it-s-decision-time.md,crypto-currently,crypto-currently,USD,30.0,medium,cash,0.7
,,Xb6Gn4ua8X8,https://www.youtube.com/watch?v=Xb6Gn4ua8X8,Don't Fall For It,youtube/transcripts-top/crypto-currently/undated-don-t-fall-for-it-Xb6Gn4ua8X8.md,crypto-currently,crypto-currently,USD,,medium,cash,0.7
2026-04-08,portfolio,XbnhhVRADXM,https://www.youtube.com/watch?v=XbnhhVRADXM,It's Finally Happening,youtube/transcripts-top/crypto-currently/undated-it-s-finally-happening.md,crypto-currently,crypto-currently,BTC,80.0,large,spot,0.9
2026-04-08,portfolio,XbnhhVRADXM,https://www.youtube.com/watch?v=XbnhhVRADXM,It's Finally Happening,youtube/transcripts-top/crypto-currently/undated-it-s-finally-happening.md,crypto-currently,crypto-currently,USD,20.0,medium,cash,0.9
2026-04-08,portfolio,XbnhhVRADXM,https://www.youtube.com/watch?v=XbnhhVRADXM,It's Finally Happening,youtube/transcripts-top/crypto-currently/undated-it-s-finally-happening.md,crypto-currently,crypto-currently,USD,20.0,medium,cash,0.9
,,XkBLZDV6Mys,https://www.youtube.com/watch?v=XkBLZDV6Mys,Are You Ready?,youtube/transcripts-top/crypto-currently/undated-are-you-ready-XkBLZDV6Mys.md,crypto-currently,crypto-currently,BTC,,large,spot,0.9
,,XkBLZDV6Mys,https://www.youtube.com/watch?v=XkBLZDV6Mys,Are You Ready?,youtube/transcripts-top/crypto-currently/undated-are-you-ready-XkBLZDV6Mys.md,crypto-currently,crypto-currently,ETH,,medium,spot,0.9
,,XkBLZDV6Mys,https://www.youtube.com/watch?v=XkBLZDV6Mys,Are You Ready?,youtube/transcripts-top/crypto-currently/undated-are-you-ready-XkBLZDV6Mys.md,crypto-currently,crypto-currently,SOL,,small,spot,0.7
,,XkBLZDV6Mys,https://www.youtube.com/watch?v=XkBLZDV6Mys,Are You Ready?,youtube/transcripts-top/crypto-currently/undated-are-you-ready-XkBLZDV6Mys.md,crypto-currently,crypto-currently,USD,,medium,cash,0.8
,,XtAPabfVtyA,https://www.youtube.com/watch?v=XtAPabfVtyA,It's Happening Again,youtube/transcripts-top/crypto-currently/undated-it-s-happening-again-XtAPabfVtyA.md,crypto-currently,crypto-currently,USD,,medium,cash,0.7
2025-09-13,portfolio,Xw1jJaZYkOQ,https://www.youtube.com/watch?v=Xw1jJaZYkOQ,Don't Mess This Up,youtube/transcripts-top/crypto-currently/undated-don-t-mess-this-up.md,crypto-currently,crypto-currently,BTC,,medium,spot,0.9
2025-09-13,portfolio,Xw1jJaZYkOQ,https://www.youtube.com/watch?v=Xw1jJaZYkOQ,Don't Mess This Up,youtube/transcripts-top/crypto-currently/undated-don-t-mess-this-up.md,crypto-currently,crypto-currently,ETH,,medium,spot,0.9
2025-09-13,portfolio,Xw1jJaZYkOQ,https://www.youtube.com/watch?v=Xw1jJaZYkOQ,Don't Mess This Up,youtube/transcripts-top/crypto-currently/undated-don-t-mess-this-up.md,crypto-currently,crypto-currently,SOL,,,spot,0.5
2025-09-13,portfolio,Xw1jJaZYkOQ,https://www.youtube.com/watch?v=Xw1jJaZYkOQ,Don't Mess This Up,youtube/transcripts-top/crypto-currently/undated-don-t-mess-this-up.md,crypto-currently,crypto-currently,USD,,medium,cash,0.8
,,XzJBusJXKQ4,https://www.youtube.com/watch?v=XzJBusJXKQ4,Bitcoin Has Never Done This Before,youtube/transcripts-top/crypto-currently/undated-bitcoin-has-never-done-this-before.md,crypto-currently,crypto-currently,USD,50.0,large,cash,0.9
,,XzJBusJXKQ4,https://www.youtube.com/watch?v=XzJBusJXKQ4,Bitcoin Has Never Done This Before,youtube/transcripts-top/crypto-currently/undated-bitcoin-has-never-done-this-before.md,crypto-currently,crypto-currently,USD,50.0,large,cash,0.9
,,XzygDrtY21M,https://www.youtube.com/watch?v=XzygDrtY21M,The Moment Of Truth,youtube/transcripts-top/crypto-currently/undated-the-moment-of-truth-XzygDrtY21M.md,crypto-currently,crypto-currently,USD,,medium,cash,0.7
,,YDXTK3EC4Ak,https://www.youtube.com/watch?v=YDXTK3EC4Ak,Don't Mess This Up,youtube/transcripts-top/crypto-currently/undated-don-t-mess-this-up-YDXTK3EC4Ak.md,crypto-currently,crypto-currently,BTC,,medium,spot,0.9
,,YDXTK3EC4Ak,https://www.youtube.com/watch?v=YDXTK3EC4Ak,Don't Mess This Up,youtube/transcripts-top/crypto-currently/undated-don-t-mess-this-up-YDXTK3EC4Ak.md,crypto-currently,crypto-currently,ETH,,small,spot,0.7
,,YDXTK3EC4Ak,https://www.youtube.com/watch?v=YDXTK3EC4Ak,Don't Mess This Up,youtube/transcripts-top/crypto-currently/undated-don-t-mess-this-up-YDXTK3EC4Ak.md,crypto-currently,crypto-currently,SOL,,small,spot,0.7
,,YDXTK3EC4Ak,https://www.youtube.com/watch?v=YDXTK3EC4Ak,Don't Mess This Up,youtube/transcripts-top/crypto-currently/undated-don-t-mess-this-up-YDXTK3EC4Ak.md,crypto-currently,crypto-currently,USD,,small,cash,0.7
,,_6Ebv_jkE00,https://www.youtube.com/watch?v=_6Ebv_jkE00,Nothing Has Changed,youtube/transcripts-top/crypto-currently/undated-nothing-has-changed.md,crypto-currently,crypto-currently,BTC,,,spot,0.9
,,_6Ebv_jkE00,https://www.youtube.com/watch?v=_6Ebv_jkE00,Nothing Has Changed,youtube/transcripts-top/crypto-currently/undated-nothing-has-changed.md,crypto-currently,crypto-currently,USD,,,cash,0.5
,,_ToSDu2Rrqc,https://www.youtube.com/watch?v=_ToSDu2Rrqc,The Inflection Point,youtube/transcripts-top/crypto-currently/undated-the-inflection-point.md,crypto-currently,crypto-currently,BTC,,medium,spot,0.9
,,_ToSDu2Rrqc,https://www.youtube.com/watch?v=_ToSDu2Rrqc,The Inflection Point,youtube/transcripts-top/crypto-currently/undated-the-inflection-point.md,crypto-currently,crypto-currently,USD,,medium,cash,0.9
,,_ToSDu2Rrqc,https://www.youtube.com/watch?v=_ToSDu2Rrqc,The Inflection Point,youtube/transcripts-top/crypto-currently/undated-the-inflection-point.md,crypto-currently,crypto-currently,USD,,medium,cash,0.9
,,_afCZm2vI94,https://www.youtube.com/watch?v=_afCZm2vI94,It Finally Happened,youtube/transcripts-top/crypto-currently/undated-it-finally-happened-_afCZm2vI94.md,crypto-currently,crypto-currently,BTC,,large,spot,0.9
,,_afCZm2vI94,https://www.youtube.com/watch?v=_afCZm2vI94,It Finally Happened,youtube/transcripts-top/crypto-currently/undated-it-finally-happened-_afCZm2vI94.md,crypto-currently,crypto-currently,ETH,,medium,spot,0.7
,,_afCZm2vI94,https://www.youtube.com/watch?v=_afCZm2vI94,It Finally Happened,youtube/transcripts-top/crypto-currently/undated-it-finally-happened-_afCZm2vI94.md,crypto-currently,crypto-currently,SOL,,small,spot,0.5
,,_afCZm2vI94,https://www.youtube.com/watch?v=_afCZm2vI94,It Finally Happened,youtube/transcripts-top/crypto-currently/undated-it-finally-happened-_afCZm2vI94.md,crypto-currently,crypto-currently,USD,,medium,cash,0.9
,,_afCZm2vI94,https://www.youtube.com/watch?v=_afCZm2vI94,It Finally Happened,youtube/transcripts-top/crypto-currently/undated-it-finally-happened-_afCZm2vI94.md,crypto-currently,crypto-currently,USD,,medium,cash,0.9
2026-02-04,portfolio,_fWKZYs__NY,https://www.youtube.com/watch?v=_fWKZYs__NY,I'm Buying,youtube/transcripts-top/crypto-currently/2026-02-04-i-m-buying.md,crypto-currently,crypto-currently,BTC,,medium,spot,0.9
2026-02-04,portfolio,_fWKZYs__NY,https://www.youtube.com/watch?v=_fWKZYs__NY,I'm Buying,youtube/transcripts-top/crypto-currently/2026-02-04-i-m-buying.md,crypto-currently,crypto-currently,USD,,medium,cash,0.8
,,aM2Xa1DA5vA,https://www.youtube.com/watch?v=aM2Xa1DA5vA,My Biggest Bitcoin Mistake,youtube/transcripts-top/crypto-currently/undated-my-biggest-bitcoin-mistake.md,crypto-currently,crypto-currently,BTC,,large,spot,0.9
,,aM2Xa1DA5vA,https://www.youtube.com/watch?v=aM2Xa1DA5vA,My Biggest Bitcoin Mistake,youtube/transcripts-top/crypto-currently/undated-my-biggest-bitcoin-mistake.md,crypto-currently,crypto-currently,SOL,,small,spot,0.7
,,aM2Xa1DA5vA,https://www.youtube.com/watch?v=aM2Xa1DA5vA,My Biggest Bitcoin Mistake,youtube/transcripts-top/crypto-currently/undated-my-biggest-bitcoin-mistake.md,crypto-currently,crypto-currently,USD,,medium,cash,0.8
,,aVD9jL5swkk,https://www.youtube.com/watch?v=aVD9jL5swkk,The Time Has Come,youtube/transcripts-top/crypto-currently/undated-the-time-has-come.md,crypto-currently,crypto-currently,USD,,medium,cash,0.7
2026-03-04,portfolio,bFq-uSvhnpw,https://www.youtube.com/watch?v=bFq-uSvhnpw,This is Amazing,youtube/transcripts-top/crypto-currently/undated-this-is-amazing.md,crypto-currently,crypto-currently,BTC,,medium,spot,0.9
2026-03-04,portfolio,bFq-uSvhnpw,https://www.youtube.com/watch?v=bFq-uSvhnpw,This is Amazing,youtube/transcripts-top/crypto-currently/undated-this-is-amazing.md,crypto-currently,crypto-currently,USD,,medium,cash,0.7
2025-11-21,portfolio,bNNM3swr8e8,https://www.youtube.com/watch?v=bNNM3swr8e8,I Can't Believe It,youtube/transcripts-top/crypto-currently/2025-11-21-i-can-t-believe-it.md,crypto-currently,crypto-currently,BTC,,medium,spot,0.9
2025-11-21,portfolio,bNNM3swr8e8,https://www.youtube.com/watch?v=bNNM3swr8e8,I Can't Believe It,youtube/transcripts-top/crypto-currently/2025-11-21-i-can-t-believe-it.md,crypto-currently,crypto-currently,USD,,medium,cash,0.9
,,bamkcsRrebI,https://www.youtube.com/watch?v=bamkcsRrebI,Don't Mess This Up,youtube/transcripts-top/crypto-currently/undated-don-t-mess-this-up-bamkcsRrebI.md,crypto-currently,crypto-currently,BTC,,,spot,0.9
,,bamkcsRrebI,https://www.youtube.com/watch?v=bamkcsRrebI,Don't Mess This Up,youtube/transcripts-top/crypto-currently/undated-don-t-mess-this-up-bamkcsRrebI.md,crypto-currently,crypto-currently,USD,20.0,medium,cash,0.7
2026-01-22,portfolio,cA0U8O7lgLw,https://www.youtube.com/watch?v=cA0U8O7lgLw,It's So Close,youtube/transcripts-top/crypto-currently/2026-01-22-it-s-so-close.md,crypto-currently,crypto-currently,BTC,,medium,spot,0.9
2026-01-22,portfolio,cA0U8O7lgLw,https://www.youtube.com/watch?v=cA0U8O7lgLw,It's So Close,youtube/transcripts-top/crypto-currently/2026-01-22-it-s-so-close.md,crypto-currently,crypto-currently,USD,,medium,cash,0.7
,,cEd0mfOrKbk,https://www.youtube.com/watch?v=cEd0mfOrKbk,It's Finally Happening,youtube/transcripts-top/crypto-currently/undated-it-s-finally-happening-cEd0mfOrKbk.md,crypto-currently,crypto-currently,USD,,medium,cash,0.7
,,cKggwTN7dhw,https://www.youtube.com/watch?v=cKggwTN7dhw,It's Finally Here,youtube/transcripts-top/crypto-currently/undated-it-s-finally-here.md,crypto-currently,crypto-currently,BTC,,medium,spot,0.9
,,cKggwTN7dhw,https://www.youtube.com/watch?v=cKggwTN7dhw,It's Finally Here,youtube/transcripts-top/crypto-currently/undated-it-s-finally-here.md,crypto-currently,crypto-currently,ETH,,medium,spot,0.9
,,cKggwTN7dhw,https://www.youtube.com/watch?v=cKggwTN7dhw,It's Finally Here,youtube/transcripts-top/crypto-currently/undated-it-s-finally-here.md,crypto-currently,crypto-currently,SOL,,small,spot,0.7
,,cKggwTN7dhw,https://www.youtube.com/watch?v=cKggwTN7dhw,It's Finally Here,youtube/transcripts-top/crypto-currently/undated-it-s-finally-here.md,crypto-currently,crypto-currently,USD,,medium,cash,0.8
2026-05-06,portfolio,cWxt74ARhWo,https://www.youtube.com/watch?v=cWxt74ARhWo,I Can't Believe This,youtube/transcripts-top/crypto-currently/undated-i-can-t-believe-this.md,crypto-currently,crypto-currently,BTC,,large,spot,0.9
2026-05-06,portfolio,cWxt74ARhWo,https://www.youtube.com/watch?v=cWxt74ARhWo,I Can't Believe This,youtube/transcripts-top/crypto-currently/undated-i-can-t-believe-this.md,crypto-currently,crypto-currently,MSTR,,small,spot,0.7
2026-05-06,portfolio,cWxt74ARhWo,https://www.youtube.com/watch?v=cWxt74ARhWo,I Can't Believe This,youtube/transcripts-top/crypto-currently/undated-i-can-t-believe-this.md,crypto-currently,crypto-currently,USD,,medium,cash,0.8
,,chA68pD8l-w,https://www.youtube.com/watch?v=chA68pD8l-w,The Moment of Truth,youtube/transcripts-top/crypto-currently/undated-the-moment-of-truth-chA68pD8l-w.md,crypto-currently,crypto-currently,BTC,,medium,spot,0.9
,,chA68pD8l-w,https://www.youtube.com/watch?v=chA68pD8l-w,The Moment of Truth,youtube/transcripts-top/crypto-currently/undated-the-moment-of-truth-chA68pD8l-w.md,crypto-currently,crypto-currently,USD,,medium,cash,0.7
,,dHikQ1unevs,https://www.youtube.com/watch?v=dHikQ1unevs,It's Almost Time,youtube/transcripts-top/crypto-currently/undated-it-s-almost-time-dHikQ1unevs.md,crypto-currently,crypto-currently,USD,26.0,medium,cash,0.9
,,dHikQ1unevs,https://www.youtube.com/watch?v=dHikQ1unevs,It's Almost Time,youtube/transcripts-top/crypto-currently/undated-it-s-almost-time-dHikQ1unevs.md,crypto-currently,crypto-currently,USD,26.0,medium,cash,0.9
,,dj8PNGjDM9c,https://www.youtube.com/watch?v=dj8PNGjDM9c,It's Time To Pay Attention,youtube/transcripts-top/crypto-currently/undated-it-s-time-to-pay-attention-dj8PNGjDM9c.md,crypto-currently,crypto-currently,BTC,,large,spot,0.9
,,dj8PNGjDM9c,https://www.youtube.com/watch?v=dj8PNGjDM9c,It's Time To Pay Attention,youtube/transcripts-top/crypto-currently/undated-it-s-time-to-pay-attention-dj8PNGjDM9c.md,crypto-currently,crypto-currently,ETH,,medium,spot,0.9
,,dj8PNGjDM9c,https://www.youtube.com/watch?v=dj8PNGjDM9c,It's Time To Pay Attention,youtube/transcripts-top/crypto-currently/undated-it-s-time-to-pay-attention-dj8PNGjDM9c.md,crypto-currently,crypto-currently,SOL,,small,spot,0.7
,,dj8PNGjDM9c,https://www.youtube.com/watch?v=dj8PNGjDM9c,It's Time To Pay Attention,youtube/transcripts-top/crypto-currently/undated-it-s-time-to-pay-attention-dj8PNGjDM9c.md,crypto-currently,crypto-currently,USD,30.0,medium,cash,0.9
2026-03-11,portfolio,eDEn_xuIFFY,https://www.youtube.com/watch?v=eDEn_xuIFFY,This Can't Be Ignored,youtube/transcripts-top/crypto-currently/undated-this-can-t-be-ignored.md,crypto-currently,crypto-currently,BTC,,medium,spot,0.9
2026-03-11,portfolio,eDEn_xuIFFY,https://www.youtube.com/watch?v=eDEn_xuIFFY,This Can't Be Ignored,youtube/transcripts-top/crypto-currently/undated-this-can-t-be-ignored.md,crypto-currently,crypto-currently,USD,,medium,cash,0.7
,,eVTXt2UKJYw,https://www.youtube.com/watch?v=eVTXt2UKJYw,When is Altseason?,youtube/transcripts-top/crypto-currently/undated-when-is-altseason.md,crypto-currently,crypto-currently,BTC,,large,spot,0.9
,,eVTXt2UKJYw,https://www.youtube.com/watch?v=eVTXt2UKJYw,When is Altseason?,youtube/transcripts-top/crypto-currently/undated-when-is-altseason.md,crypto-currently,crypto-currently,USD,,medium,cash,0.9
,,eVTXt2UKJYw,https://www.youtube.com/watch?v=eVTXt2UKJYw,When is Altseason?,youtube/transcripts-top/crypto-currently/undated-when-is-altseason.md,crypto-currently,crypto-currently,USD,,medium,cash,0.9
,,elYrWn_lbFY,https://www.youtube.com/watch?v=elYrWn_lbFY,We're Almost There,youtube/transcripts-top/crypto-currently/undated-we-re-almost-there-elYrWn_lbFY.md,crypto-currently,crypto-currently,BTC,,medium,spot,0.9
,,elYrWn_lbFY,https://www.youtube.com/watch?v=elYrWn_lbFY,We're Almost There,youtube/transcripts-top/crypto-currently/undated-we-re-almost-there-elYrWn_lbFY.md,crypto-currently,crypto-currently,USD,,medium,cash,0.9
,,elYrWn_lbFY,https://www.youtube.com/watch?v=elYrWn_lbFY,We're Almost There,youtube/transcripts-top/crypto-currently/undated-we-re-almost-there-elYrWn_lbFY.md,crypto-currently,crypto-currently,USD,,medium,cash,0.9
2025-11-21,portfolio,fpmMZ2F15-4,https://www.youtube.com/watch?v=fpmMZ2F15-4,It's Finally Ending,youtube/transcripts-top/crypto-currently/2025-11-21-it-s-finally-ending.md,crypto-currently,crypto-currently,USD,,medium,cash,0.7
,,gJz67GVoBBE,https://www.youtube.com/watch?v=gJz67GVoBBE,Bitcoin: Bull Market Anxiety,youtube/transcripts-top/crypto-currently/undated-bitcoin-bull-market-anxiety.md,crypto-currently,crypto-currently,BTC,80.0,large,spot,0.9
,,gJz67GVoBBE,https://www.youtube.com/watch?v=gJz67GVoBBE,Bitcoin: Bull Market Anxiety,youtube/transcripts-top/crypto-currently/undated-bitcoin-bull-market-anxiety.md,crypto-currently,crypto-currently,USD,20.0,medium,cash,0.9
,,gJz67GVoBBE,https://www.youtube.com/watch?v=gJz67GVoBBE,Bitcoin: Bull Market Anxiety,youtube/transcripts-top/crypto-currently/undated-bitcoin-bull-market-anxiety.md,crypto-currently,crypto-currently,USD,20.0,medium,cash,0.9
2025-12-21,portfolio,h_Zk4fDDcSY,https://www.youtube.com/watch?v=h_Zk4fDDcSY,The Relief Rally,youtube/transcripts-top/crypto-currently/2025-12-21-the-relief-rally.md,crypto-currently,crypto-currently,BTC,,medium,spot,0.9
2025-12-21,portfolio,h_Zk4fDDcSY,https://www.youtube.com/watch?v=h_Zk4fDDcSY,The Relief Rally,youtube/transcripts-top/crypto-currently/2025-12-21-the-relief-rally.md,crypto-currently,crypto-currently,ETH,,medium,spot,0.9
2025-12-21,portfolio,h_Zk4fDDcSY,https://www.youtube.com/watch?v=h_Zk4fDDcSY,The Relief Rally,youtube/transcripts-top/crypto-currently/2025-12-21-the-relief-rally.md,crypto-currently,crypto-currently,SOL,,small,spot,0.7
2025-12-21,portfolio,h_Zk4fDDcSY,https://www.youtube.com/watch?v=h_Zk4fDDcSY,The Relief Rally,youtube/transcripts-top/crypto-currently/2025-12-21-the-relief-rally.md,crypto-currently,crypto-currently,USD,,medium,cash,0.5
,,iZRCv_p2DQc,https://www.youtube.com/watch?v=iZRCv_p2DQc,Be Fearful When Others Are Greedy,youtube/transcripts-top/crypto-currently/undated-be-fearful-when-others-are-greedy.md,crypto-currently,crypto-currently,BTC,,,spot,0.9
,,iZRCv_p2DQc,https://www.youtube.com/watch?v=iZRCv_p2DQc,Be Fearful When Others Are Greedy,youtube/transcripts-top/crypto-currently/undated-be-fearful-when-others-are-greedy.md,crypto-currently,crypto-currently,USD,50.0,medium,cash,0.8
,,j50bNQ621c0,https://www.youtube.com/watch?v=j50bNQ621c0,Bitcoin Has Done This Before,youtube/transcripts-top/crypto-currently/undated-bitcoin-has-done-this-before.md,crypto-currently,crypto-currently,BTC,,medium,spot,0.9
,,j50bNQ621c0,https://www.youtube.com/watch?v=j50bNQ621c0,Bitcoin Has Done This Before,youtube/transcripts-top/crypto-currently/undated-bitcoin-has-done-this-before.md,crypto-currently,crypto-currently,ETH,,large,spot,0.9
,,j50bNQ621c0,https://www.youtube.com/watch?v=j50bNQ621c0,Bitcoin Has Done This Before,youtube/transcripts-top/crypto-currently/undated-bitcoin-has-done-this-before.md,crypto-currently,crypto-currently,SOL,,small,spot,0.7
,,j50bNQ621c0,https://www.youtube.com/watch?v=j50bNQ621c0,Bitcoin Has Done This Before,youtube/transcripts-top/crypto-currently/undated-bitcoin-has-done-this-before.md,crypto-currently,crypto-currently,USD,,small,cash,0.5
,,j8S1HwIVaTU,https://www.youtube.com/watch?v=j8S1HwIVaTU,Did Bitcoin Already Bottom?,youtube/transcripts-top/crypto-currently/undated-did-bitcoin-already-bottom.md,crypto-currently,crypto-currently,USD,,medium,cash,0.9
,,j8S1HwIVaTU,https://www.youtube.com/watch?v=j8S1HwIVaTU,Did Bitcoin Already Bottom?,youtube/transcripts-top/crypto-currently/undated-did-bitcoin-already-bottom.md,crypto-currently,crypto-currently,USD,,medium,cash,0.9
2025-10-11,portfolio,jL2T8npCjv4,https://www.youtube.com/watch?v=jL2T8npCjv4,The Full Reset,youtube/transcripts-top/crypto-currently/undated-the-full-reset.md,crypto-currently,crypto-currently,BTC,,large,spot,0.9
2025-10-11,portfolio,jL2T8npCjv4,https://www.youtube.com/watch?v=jL2T8npCjv4,The Full Reset,youtube/transcripts-top/crypto-currently/undated-the-full-reset.md,crypto-currently,crypto-currently,USD,,medium,cash,0.8
2025-10-11,portfolio,jL2T8npCjv4,https://www.youtube.com/watch?v=jL2T8npCjv4,The Full Reset,youtube/transcripts-top/crypto-currently/undated-the-full-reset.md,crypto-currently,crypto-currently,USD,,medium,cash,0.8
,,jjuD5fPierY,https://www.youtube.com/watch?v=jjuD5fPierY,Time to Pay Attention,youtube/transcripts-top/crypto-currently/undated-time-to-pay-attention.md,crypto-currently,crypto-currently,BTC,80.0,large,spot,0.9
,,jjuD5fPierY,https://www.youtube.com/watch?v=jjuD5fPierY,Time to Pay Attention,youtube/transcripts-top/crypto-currently/undated-time-to-pay-attention.md,crypto-currently,crypto-currently,USD,20.0,medium,cash,0.9
,,jjuD5fPierY,https://www.youtube.com/watch?v=jjuD5fPierY,Time to Pay Attention,youtube/transcripts-top/crypto-currently/undated-time-to-pay-attention.md,crypto-currently,crypto-currently,USD,20.0,medium,cash,0.9
2025-10-19,portfolio,kGdEwyv5DSI,https://www.youtube.com/watch?v=kGdEwyv5DSI,The Great Rotation,youtube/transcripts-top/crypto-currently/undated-the-great-rotation.md,crypto-currently,crypto-currently,BTC,,medium,spot,0.9
2025-10-19,portfolio,kGdEwyv5DSI,https://www.youtube.com/watch?v=kGdEwyv5DSI,The Great Rotation,youtube/transcripts-top/crypto-currently/undated-the-great-rotation.md,crypto-currently,crypto-currently,USD,,large,cash,0.8
2025-10-19,portfolio,kGdEwyv5DSI,https://www.youtube.com/watch?v=kGdEwyv5DSI,The Great Rotation,youtube/transcripts-top/crypto-currently/undated-the-great-rotation.md,crypto-currently,crypto-currently,USD,,large,cash,0.8
,,ktunTtGdScI,https://www.youtube.com/watch?v=ktunTtGdScI,Don't Make This Mistake,youtube/transcripts-top/crypto-currently/undated-don-t-make-this-mistake-ktunTtGdScI.md,crypto-currently,crypto-currently,USD,,medium,cash,0.7
2025-11-21,portfolio,lLv4f9Ddqmg,https://www.youtube.com/watch?v=lLv4f9Ddqmg,It's Time,youtube/transcripts-top/crypto-currently/2025-11-21-it-s-time.md,crypto-currently,crypto-currently,BTC,,medium,spot,0.9
2025-11-21,portfolio,lLv4f9Ddqmg,https://www.youtube.com/watch?v=lLv4f9Ddqmg,It's Time,youtube/transcripts-top/crypto-currently/2025-11-21-it-s-time.md,crypto-currently,crypto-currently,USD,,medium,cash,0.9
2025-11-21,portfolio,lLv4f9Ddqmg,https://www.youtube.com/watch?v=lLv4f9Ddqmg,It's Time,youtube/transcripts-top/crypto-currently/2025-11-21-it-s-time.md,crypto-currently,crypto-currently,USD,,medium,cash,0.9
,,lXW8JBRqSsw,https://www.youtube.com/watch?v=lXW8JBRqSsw,It's Still Rising,youtube/transcripts-top/crypto-currently/undated-it-s-still-rising.md,crypto-currently,crypto-currently,BTC,,medium,spot,0.9
,,lXW8JBRqSsw,https://www.youtube.com/watch?v=lXW8JBRqSsw,It's Still Rising,youtube/transcripts-top/crypto-currently/undated-it-s-still-rising.md,crypto-currently,crypto-currently,USD,,medium,cash,0.8
2026-02-08,portfolio,lw-S8VHozeI,https://www.youtube.com/watch?v=lw-S8VHozeI,It's Finally Time,youtube/transcripts-top/crypto-currently/2026-02-08-it-s-finally-time.md,crypto-currently,crypto-currently,BTC,,medium,spot,0.9
2026-02-08,portfolio,lw-S8VHozeI,https://www.youtube.com/watch?v=lw-S8VHozeI,It's Finally Time,youtube/transcripts-top/crypto-currently/2026-02-08-it-s-finally-time.md,crypto-currently,crypto-currently,USD,,medium,cash,0.9
,,m9i9t9GMGDU,https://www.youtube.com/watch?v=m9i9t9GMGDU,I Was WRONG About Bitcoin,youtube/transcripts-top/crypto-currently/undated-i-was-wrong-about-bitcoin.md,crypto-currently,crypto-currently,USD,,medium,cash,0.7
2025-09-24,portfolio,mjNjVAlbItE,https://www.youtube.com/watch?v=mjNjVAlbItE,We Have Seen This Before,youtube/transcripts-top/crypto-currently/undated-we-have-seen-this-before-mjNjVAlbItE.md,crypto-currently,crypto-currently,BTC,,medium,spot,0.9
2025-09-24,portfolio,mjNjVAlbItE,https://www.youtube.com/watch?v=mjNjVAlbItE,We Have Seen This Before,youtube/transcripts-top/crypto-currently/undated-we-have-seen-this-before-mjNjVAlbItE.md,crypto-currently,crypto-currently,ETH,,medium,spot,0.9
2025-09-24,portfolio,mjNjVAlbItE,https://www.youtube.com/watch?v=mjNjVAlbItE,We Have Seen This Before,youtube/transcripts-top/crypto-currently/undated-we-have-seen-this-before-mjNjVAlbItE.md,crypto-currently,crypto-currently,SOL,,small,spot,0.7
2025-09-24,portfolio,mjNjVAlbItE,https://www.youtube.com/watch?v=mjNjVAlbItE,We Have Seen This Before,youtube/transcripts-top/crypto-currently/undated-we-have-seen-this-before-mjNjVAlbItE.md,crypto-currently,crypto-currently,USD,,medium,cash,0.8
,,mkMMtDcm-kc,https://www.youtube.com/watch?v=mkMMtDcm-kc,Don't Fall For It,youtube/transcripts-top/crypto-currently/undated-don-t-fall-for-it-mkMMtDcm-kc.md,crypto-currently,crypto-currently,BTC,,large,spot,0.9
,,mkMMtDcm-kc,https://www.youtube.com/watch?v=mkMMtDcm-kc,Don't Fall For It,youtube/transcripts-top/crypto-currently/undated-don-t-fall-for-it-mkMMtDcm-kc.md,crypto-currently,crypto-currently,USD,,medium,cash,0.8
,,mkMMtDcm-kc,https://www.youtube.com/watch?v=mkMMtDcm-kc,Don't Fall For It,youtube/transcripts-top/crypto-currently/undated-don-t-fall-for-it-mkMMtDcm-kc.md,crypto-currently,crypto-currently,USD,,medium,cash,0.8
2026-01-20,portfolio,n33mEyFwzbk,https://www.youtube.com/watch?v=n33mEyFwzbk,We're Getting Close,youtube/transcripts-top/crypto-currently/2026-01-20-we-re-getting-close.md,crypto-currently,crypto-currently,BTC,,medium,spot,0.9
2026-01-20,portfolio,n33mEyFwzbk,https://www.youtube.com/watch?v=n33mEyFwzbk,We're Getting Close,youtube/transcripts-top/crypto-currently/2026-01-20-we-re-getting-close.md,crypto-currently,crypto-currently,USD,,medium,cash,0.9
,,nviOvyWY3PU,https://www.youtube.com/watch?v=nviOvyWY3PU,This Time Is NOT Different,youtube/transcripts-top/crypto-currently/undated-this-time-is-not-different-nviOvyWY3PU.md,crypto-currently,crypto-currently,BTC,,medium,spot,0.9
,,nviOvyWY3PU,https://www.youtube.com/watch?v=nviOvyWY3PU,This Time Is NOT Different,youtube/transcripts-top/crypto-currently/undated-this-time-is-not-different-nviOvyWY3PU.md,crypto-currently,crypto-currently,ETH,,medium,spot,0.9
,,nviOvyWY3PU,https://www.youtube.com/watch?v=nviOvyWY3PU,This Time Is NOT Different,youtube/transcripts-top/crypto-currently/undated-this-time-is-not-different-nviOvyWY3PU.md,crypto-currently,crypto-currently,SOL,,small,spot,0.7
,,nviOvyWY3PU,https://www.youtube.com/watch?v=nviOvyWY3PU,This Time Is NOT Different,youtube/transcripts-top/crypto-currently/undated-this-time-is-not-different-nviOvyWY3PU.md,crypto-currently,crypto-currently,USD,,medium,cash,0.7
,,oHRWtuVBxNo,https://www.youtube.com/watch?v=oHRWtuVBxNo,It's Showtime,youtube/transcripts-top/crypto-currently/undated-it-s-showtime.md,crypto-currently,crypto-currently,USD,50.0,medium,cash,0.7
2026-02-04,portfolio,oRcAif-e84M,https://www.youtube.com/watch?v=oRcAif-e84M,It's Time To Pay Attention,youtube/transcripts-top/crypto-currently/2026-02-04-it-s-time-to-pay-attention.md,crypto-currently,crypto-currently,BTC,,large,spot,0.9
2026-02-04,portfolio,oRcAif-e84M,https://www.youtube.com/watch?v=oRcAif-e84M,It's Time To Pay Attention,youtube/transcripts-top/crypto-currently/2026-02-04-it-s-time-to-pay-attention.md,crypto-currently,crypto-currently,SOL,,small,spot,0.7
2026-02-04,portfolio,oRcAif-e84M,https://www.youtube.com/watch?v=oRcAif-e84M,It's Time To Pay Attention,youtube/transcripts-top/crypto-currently/2026-02-04-it-s-time-to-pay-attention.md,crypto-currently,crypto-currently,USD,,medium,cash,0.8
,,oSWg_1fxgw8,https://www.youtube.com/watch?v=oSWg_1fxgw8,Where Will Bitcoin Bottom?,youtube/transcripts-top/crypto-currently/undated-where-will-bitcoin-bottom.md,crypto-currently,crypto-currently,BTC,,medium,spot,0.9
,,oSWg_1fxgw8,https://www.youtube.com/watch?v=oSWg_1fxgw8,Where Will Bitcoin Bottom?,youtube/transcripts-top/crypto-currently/undated-where-will-bitcoin-bottom.md,crypto-currently,crypto-currently,USD,,medium,cash,0.9
,,oz6Kl9LLJ14,https://www.youtube.com/watch?v=oz6Kl9LLJ14,This Cycle Is Different,youtube/transcripts-top/crypto-currently/undated-this-cycle-is-different-oz6Kl9LLJ14.md,crypto-currently,crypto-currently,BTC,,medium,spot,0.9
,,oz6Kl9LLJ14,https://www.youtube.com/watch?v=oz6Kl9LLJ14,This Cycle Is Different,youtube/transcripts-top/crypto-currently/undated-this-cycle-is-different-oz6Kl9LLJ14.md,crypto-currently,crypto-currently,ETH,,large,spot,0.85
,,oz6Kl9LLJ14,https://www.youtube.com/watch?v=oz6Kl9LLJ14,This Cycle Is Different,youtube/transcripts-top/crypto-currently/undated-this-cycle-is-different-oz6Kl9LLJ14.md,crypto-currently,crypto-currently,SOL,,small,spot,0.75
,,oz6Kl9LLJ14,https://www.youtube.com/watch?v=oz6Kl9LLJ14,This Cycle Is Different,youtube/transcripts-top/crypto-currently/undated-this-cycle-is-different-oz6Kl9LLJ14.md,crypto-currently,crypto-currently,USD,,medium,cash,0.75
,,pVVK_e_3k5Y,https://www.youtube.com/watch?v=pVVK_e_3k5Y,Don't Get Fooled,youtube/transcripts-top/crypto-currently/undated-don-t-get-fooled.md,crypto-currently,crypto-currently,BTC,,large,spot,0.9
,,pVVK_e_3k5Y,https://www.youtube.com/watch?v=pVVK_e_3k5Y,Don't Get Fooled,youtube/transcripts-top/crypto-currently/undated-don-t-get-fooled.md,crypto-currently,crypto-currently,XRP,,small,spot,0.7
,,pVVK_e_3k5Y,https://www.youtube.com/watch?v=pVVK_e_3k5Y,Don't Get Fooled,youtube/transcripts-top/crypto-currently/undated-don-t-get-fooled.md,crypto-currently,crypto-currently,DOGE,,small,spot,0.7
,,pVVK_e_3k5Y,https://www.youtube.com/watch?v=pVVK_e_3k5Y,Don't Get Fooled,youtube/transcripts-top/crypto-currently/undated-don-t-get-fooled.md,crypto-currently,crypto-currently,ADA,,small,spot,0.7
,,pVVK_e_3k5Y,https://www.youtube.com/watch?v=pVVK_e_3k5Y,Don't Get Fooled,youtube/transcripts-top/crypto-currently/undated-don-t-get-fooled.md,crypto-currently,crypto-currently,USD,,medium,cash,0.8
,,qOXiPZjlnTM,https://www.youtube.com/watch?v=qOXiPZjlnTM,Bitcoin Does This EVERY Summer,youtube/transcripts-top/crypto-currently/undated-bitcoin-does-this-every-summer.md,crypto-currently,crypto-currently,USD,20.0,medium,cash,0.9
,,qOXiPZjlnTM,https://www.youtube.com/watch?v=qOXiPZjlnTM,Bitcoin Does This EVERY Summer,youtube/transcripts-top/crypto-currently/undated-bitcoin-does-this-every-summer.md,crypto-currently,crypto-currently,USD,20.0,medium,cash,0.9
2025-11-21,portfolio,qXOEY7PD7Gs,https://www.youtube.com/watch?v=qXOEY7PD7Gs,The Bear Market,youtube/transcripts-top/crypto-currently/2025-11-21-the-bear-market.md,crypto-currently,crypto-currently,BTC,,small,spot,0.9
2025-11-21,portfolio,qXOEY7PD7Gs,https://www.youtube.com/watch?v=qXOEY7PD7Gs,The Bear Market,youtube/transcripts-top/crypto-currently/2025-11-21-the-bear-market.md,crypto-currently,crypto-currently,USD,,medium,cash,0.8
,,qfEXrFiTc_w,https://www.youtube.com/watch?v=qfEXrFiTc_w,A New Chapter,youtube/transcripts-top/crypto-currently/undated-a-new-chapter.md,crypto-currently,crypto-currently,USD,,medium,cash,0.7
2025-11-21,portfolio,rZf5t_CacZY,https://www.youtube.com/watch?v=rZf5t_CacZY,This Time IS Different,youtube/transcripts-top/crypto-currently/2025-11-21-this-time-is-different.md,crypto-currently,crypto-currently,USD,,medium,cash,0.9
2025-11-21,portfolio,rZf5t_CacZY,https://www.youtube.com/watch?v=rZf5t_CacZY,This Time IS Different,youtube/transcripts-top/crypto-currently/2025-11-21-this-time-is-different.md,crypto-currently,crypto-currently,USD,,medium,cash,0.9
,,rdTS3SSLQEY,https://www.youtube.com/watch?v=rdTS3SSLQEY,It's Happening Again,youtube/transcripts-top/crypto-currently/undated-it-s-happening-again-rdTS3SSLQEY.md,crypto-currently,crypto-currently,BTC,,large,spot,0.9
,,rdTS3SSLQEY,https://www.youtube.com/watch?v=rdTS3SSLQEY,It's Happening Again,youtube/transcripts-top/crypto-currently/undated-it-s-happening-again-rdTS3SSLQEY.md,crypto-currently,crypto-currently,ETH,,medium,spot,0.7
,,rdTS3SSLQEY,https://www.youtube.com/watch?v=rdTS3SSLQEY,It's Happening Again,youtube/transcripts-top/crypto-currently/undated-it-s-happening-again-rdTS3SSLQEY.md,crypto-currently,crypto-currently,SOL,,small,spot,0.5
,,rdTS3SSLQEY,https://www.youtube.com/watch?v=rdTS3SSLQEY,It's Happening Again,youtube/transcripts-top/crypto-currently/undated-it-s-happening-again-rdTS3SSLQEY.md,crypto-currently,crypto-currently,USD,,medium,cash,0.7
,,rqO5T0j_mKc,https://www.youtube.com/watch?v=rqO5T0j_mKc,The Bitcoin Bottom,youtube/transcripts-top/crypto-currently/undated-the-bitcoin-bottom.md,crypto-currently,crypto-currently,ETH,,large,spot,0.9
,,rqO5T0j_mKc,https://www.youtube.com/watch?v=rqO5T0j_mKc,The Bitcoin Bottom,youtube/transcripts-top/crypto-currently/undated-the-bitcoin-bottom.md,crypto-currently,crypto-currently,SOL,,large,spot,0.9
,,rqO5T0j_mKc,https://www.youtube.com/watch?v=rqO5T0j_mKc,The Bitcoin Bottom,youtube/transcripts-top/crypto-currently/undated-the-bitcoin-bottom.md,crypto-currently,crypto-currently,BTC,,large,spot,0.9
,,rqO5T0j_mKc,https://www.youtube.com/watch?v=rqO5T0j_mKc,The Bitcoin Bottom,youtube/transcripts-top/crypto-currently/undated-the-bitcoin-bottom.md,crypto-currently,crypto-currently,USD,,large,cash,0.9
,,s28SIrD-muc,https://www.youtube.com/watch?v=s28SIrD-muc,The Mania Phase,youtube/transcripts-top/crypto-currently/undated-the-mania-phase.md,crypto-currently,crypto-currently,BTC,,medium,spot,0.9
,,s28SIrD-muc,https://www.youtube.com/watch?v=s28SIrD-muc,The Mania Phase,youtube/transcripts-top/crypto-currently/undated-the-mania-phase.md,crypto-currently,crypto-currently,ETH,,small,spot,0.7
,,s28SIrD-muc,https://www.youtube.com/watch?v=s28SIrD-muc,The Mania Phase,youtube/transcripts-top/crypto-currently/undated-the-mania-phase.md,crypto-currently,crypto-currently,USD,,small,cash,0.5
,,sG4q3m4DPKw,https://www.youtube.com/watch?v=sG4q3m4DPKw,Don't Make This Mistake,youtube/transcripts-top/crypto-currently/undated-don-t-make-this-mistake-sG4q3m4DPKw.md,crypto-currently,crypto-currently,BTC,,medium,spot,0.9
,,sG4q3m4DPKw,https://www.youtube.com/watch?v=sG4q3m4DPKw,Don't Make This Mistake,youtube/transcripts-top/crypto-currently/undated-don-t-make-this-mistake-sG4q3m4DPKw.md,crypto-currently,crypto-currently,USD,,medium,cash,0.9
,,sN0K0nlze_c,https://www.youtube.com/watch?v=sN0K0nlze_c,The ONLY Bitcoin Chart You'll Ever Need,youtube/transcripts-top/crypto-currently/undated-the-only-bitcoin-chart-you-ll-ever-need.md,crypto-currently,crypto-currently,BTC,,medium,spot,0.9
,,sN0K0nlze_c,https://www.youtube.com/watch?v=sN0K0nlze_c,The ONLY Bitcoin Chart You'll Ever Need,youtube/transcripts-top/crypto-currently/undated-the-only-bitcoin-chart-you-ll-ever-need.md,crypto-currently,crypto-currently,USD,,medium,cash,0.7
,,sTcCmynYwqQ,https://www.youtube.com/watch?v=sTcCmynYwqQ,The Final Shakeout,youtube/transcripts-top/crypto-currently/undated-the-final-shakeout.md,crypto-currently,crypto-currently,BTC,,medium,spot,0.9
,,sTcCmynYwqQ,https://www.youtube.com/watch?v=sTcCmynYwqQ,The Final Shakeout,youtube/transcripts-top/crypto-currently/undated-the-final-shakeout.md,crypto-currently,crypto-currently,ETH,,medium,spot,0.9
,,sTcCmynYwqQ,https://www.youtube.com/watch?v=sTcCmynYwqQ,The Final Shakeout,youtube/transcripts-top/crypto-currently/undated-the-final-shakeout.md,crypto-currently,crypto-currently,USD,,medium,cash,0.8
,,scwf9VRfSFM,https://www.youtube.com/watch?v=scwf9VRfSFM,We are so Back,youtube/transcripts-top/crypto-currently/undated-we-are-so-back.md,crypto-currently,crypto-currently,BTC,,large,spot,0.9
,,scwf9VRfSFM,https://www.youtube.com/watch?v=scwf9VRfSFM,We are so Back,youtube/transcripts-top/crypto-currently/undated-we-are-so-back.md,crypto-currently,crypto-currently,USD,,large,cash,0.9
,,scwf9VRfSFM,https://www.youtube.com/watch?v=scwf9VRfSFM,We are so Back,youtube/transcripts-top/crypto-currently/undated-we-are-so-back.md,crypto-currently,crypto-currently,USD,,large,cash,0.9
2026-02-11,portfolio,sdarW8e4Esk,https://www.youtube.com/watch?v=sdarW8e4Esk,It's Ready,youtube/transcripts-top/crypto-currently/2026-02-11-it-s-ready.md,crypto-currently,crypto-currently,BTC,,medium,spot,0.9
2026-02-11,portfolio,sdarW8e4Esk,https://www.youtube.com/watch?v=sdarW8e4Esk,It's Ready,youtube/transcripts-top/crypto-currently/2026-02-11-it-s-ready.md,crypto-currently,crypto-currently,USD,,medium,cash,0.8
,,t7iZy-ylJ6s,https://www.youtube.com/watch?v=t7iZy-ylJ6s,Don't Mess This Up,youtube/transcripts-top/crypto-currently/undated-don-t-mess-this-up-t7iZy-ylJ6s.md,crypto-currently,crypto-currently,BTC,,medium,spot,0.9
,,t7iZy-ylJ6s,https://www.youtube.com/watch?v=t7iZy-ylJ6s,Don't Mess This Up,youtube/transcripts-top/crypto-currently/undated-don-t-mess-this-up-t7iZy-ylJ6s.md,crypto-currently,crypto-currently,ETH,,medium,spot,0.9
,,t7iZy-ylJ6s,https://www.youtube.com/watch?v=t7iZy-ylJ6s,Don't Mess This Up,youtube/transcripts-top/crypto-currently/undated-don-t-mess-this-up-t7iZy-ylJ6s.md,crypto-currently,crypto-currently,SOL,,medium,spot,0.9
,,t7iZy-ylJ6s,https://www.youtube.com/watch?v=t7iZy-ylJ6s,Don't Mess This Up,youtube/transcripts-top/crypto-currently/undated-don-t-mess-this-up-t7iZy-ylJ6s.md,crypto-currently,crypto-currently,USD,,small,cash,0.7
,,tHYPgvctwiE,https://www.youtube.com/watch?v=tHYPgvctwiE,The Stage is Set,youtube/transcripts-top/crypto-currently/undated-the-stage-is-set.md,crypto-currently,crypto-currently,SOL,,small,spot,0.7
,,tPS27VSjjQE,https://www.youtube.com/watch?v=tPS27VSjjQE,It's Happening Again,youtube/transcripts-top/crypto-currently/undated-it-s-happening-again-tPS27VSjjQE.md,crypto-currently,crypto-currently,USD,,medium,cash,0.7
,,tbH_l4qIpcw,https://www.youtube.com/watch?v=tbH_l4qIpcw,This Time Is NOT Different,youtube/transcripts-top/crypto-currently/undated-this-time-is-not-different-tbH_l4qIpcw.md,crypto-currently,crypto-currently,BTC,,large,spot,0.9
,,tbH_l4qIpcw,https://www.youtube.com/watch?v=tbH_l4qIpcw,This Time Is NOT Different,youtube/transcripts-top/crypto-currently/undated-this-time-is-not-different-tbH_l4qIpcw.md,crypto-currently,crypto-currently,ETH,,medium,spot,0.7
,,tbH_l4qIpcw,https://www.youtube.com/watch?v=tbH_l4qIpcw,This Time Is NOT Different,youtube/transcripts-top/crypto-currently/undated-this-time-is-not-different-tbH_l4qIpcw.md,crypto-currently,crypto-currently,USD,,medium,cash,0.7
,,u_-C0fH66-U,https://www.youtube.com/watch?v=u_-C0fH66-U,The Bullish Reclaim,youtube/transcripts-top/crypto-currently/undated-the-bullish-reclaim.md,crypto-currently,crypto-currently,BTC,50.0,large,spot,0.9
,,u_-C0fH66-U,https://www.youtube.com/watch?v=u_-C0fH66-U,The Bullish Reclaim,youtube/transcripts-top/crypto-currently/undated-the-bullish-reclaim.md,crypto-currently,crypto-currently,SOL,20.0,small,spot,0.7
,,u_-C0fH66-U,https://www.youtube.com/watch?v=u_-C0fH66-U,The Bullish Reclaim,youtube/transcripts-top/crypto-currently/undated-the-bullish-reclaim.md,crypto-currently,crypto-currently,USD,30.0,medium,cash,0.8
,,u_-C0fH66-U,https://www.youtube.com/watch?v=u_-C0fH66-U,The Bullish Reclaim,youtube/transcripts-top/crypto-currently/undated-the-bullish-reclaim.md,crypto-currently,crypto-currently,USD,30.0,medium,cash,0.8
,,v2hOEwVlaHM,https://www.youtube.com/watch?v=v2hOEwVlaHM,We Finally Made It,youtube/transcripts-top/crypto-currently/undated-we-finally-made-it.md,crypto-currently,crypto-currently,BTC,,large,spot,0.9
,,v2hOEwVlaHM,https://www.youtube.com/watch?v=v2hOEwVlaHM,We Finally Made It,youtube/transcripts-top/crypto-currently/undated-we-finally-made-it.md,crypto-currently,crypto-currently,ETH,,small,spot,0.7
,,v2hOEwVlaHM,https://www.youtube.com/watch?v=v2hOEwVlaHM,We Finally Made It,youtube/transcripts-top/crypto-currently/undated-we-finally-made-it.md,crypto-currently,crypto-currently,USD,,medium,cash,0.8
,,v2hOEwVlaHM,https://www.youtube.com/watch?v=v2hOEwVlaHM,We Finally Made It,youtube/transcripts-top/crypto-currently/undated-we-finally-made-it.md,crypto-currently,crypto-currently,USD,,medium,cash,0.8
,,vEgehqkFAf4,https://www.youtube.com/watch?v=vEgehqkFAf4,The Left-Translated Cycle,youtube/transcripts-top/crypto-currently/undated-the-left-translated-cycle.md,crypto-currently,crypto-currently,BTC,,medium,spot,0.9
,,vEgehqkFAf4,https://www.youtube.com/watch?v=vEgehqkFAf4,The Left-Translated Cycle,youtube/transcripts-top/crypto-currently/undated-the-left-translated-cycle.md,crypto-currently,crypto-currently,SOL,,small,spot,0.9
,,vEgehqkFAf4,https://www.youtube.com/watch?v=vEgehqkFAf4,The Left-Translated Cycle,youtube/transcripts-top/crypto-currently/undated-the-left-translated-cycle.md,crypto-currently,crypto-currently,USD,,small,cash,0.5
,,vanUFeWlBuE,https://www.youtube.com/watch?v=vanUFeWlBuE,Don't Make This Mistake,youtube/transcripts-top/crypto-currently/undated-don-t-make-this-mistake-vanUFeWlBuE.md,crypto-currently,crypto-currently,BTC,,medium,spot,0.9
,,vanUFeWlBuE,https://www.youtube.com/watch?v=vanUFeWlBuE,Don't Make This Mistake,youtube/transcripts-top/crypto-currently/undated-don-t-make-this-mistake-vanUFeWlBuE.md,crypto-currently,crypto-currently,USD,,medium,cash,0.9
,,vequaoEDesA,https://www.youtube.com/watch?v=vequaoEDesA,This Time Is NOT Different,youtube/transcripts-top/crypto-currently/undated-this-time-is-not-different-vequaoEDesA.md,crypto-currently,crypto-currently,BTC,,large,spot,0.9
,,vequaoEDesA,https://www.youtube.com/watch?v=vequaoEDesA,This Time Is NOT Different,youtube/transcripts-top/crypto-currently/undated-this-time-is-not-different-vequaoEDesA.md,crypto-currently,crypto-currently,ETH,,medium,spot,0.7
,,vequaoEDesA,https://www.youtube.com/watch?v=vequaoEDesA,This Time Is NOT Different,youtube/transcripts-top/crypto-currently/undated-this-time-is-not-different-vequaoEDesA.md,crypto-currently,crypto-currently,SOL,,medium,spot,0.9
,,vequaoEDesA,https://www.youtube.com/watch?v=vequaoEDesA,This Time Is NOT Different,youtube/transcripts-top/crypto-currently/undated-this-time-is-not-different-vequaoEDesA.md,crypto-currently,crypto-currently,USD,,large,cash,0.8
,,viFVdHKGC00,https://www.youtube.com/watch?v=viFVdHKGC00,The Big Finale,youtube/transcripts-top/crypto-currently/undated-the-big-finale.md,crypto-currently,crypto-currently,BTC,,,spot,0.9
,,viFVdHKGC00,https://www.youtube.com/watch?v=viFVdHKGC00,The Big Finale,youtube/transcripts-top/crypto-currently/undated-the-big-finale.md,crypto-currently,crypto-currently,ETH,,,spot,0.9
,,viFVdHKGC00,https://www.youtube.com/watch?v=viFVdHKGC00,The Big Finale,youtube/transcripts-top/crypto-currently/undated-the-big-finale.md,crypto-currently,crypto-currently,USD,,,cash,0.5
,,vw3y_hel6s8,https://www.youtube.com/watch?v=vw3y_hel6s8,The Cheat Code,youtube/transcripts-top/crypto-currently/undated-the-cheat-code.md,crypto-currently,crypto-currently,BTC,70.0,large,spot,0.9
,,vw3y_hel6s8,https://www.youtube.com/watch?v=vw3y_hel6s8,The Cheat Code,youtube/transcripts-top/crypto-currently/undated-the-cheat-code.md,crypto-currently,crypto-currently,USD,30.0,medium,cash,0.9
,,vw3y_hel6s8,https://www.youtube.com/watch?v=vw3y_hel6s8,The Cheat Code,youtube/transcripts-top/crypto-currently/undated-the-cheat-code.md,crypto-currently,crypto-currently,USD,30.0,medium,cash,0.9
,,w3X_q_qkZmg,https://www.youtube.com/watch?v=w3X_q_qkZmg,I Can't Believe This,youtube/transcripts-top/crypto-currently/undated-i-can-t-believe-this-w3X_q_qkZmg.md,crypto-currently,crypto-currently,USD,,medium,cash,0.7
,,w3X_q_qkZmg,https://www.youtube.com/watch?v=w3X_q_qkZmg,I Can't Believe This,youtube/transcripts-top/crypto-currently/undated-i-can-t-believe-this-w3X_q_qkZmg.md,crypto-currently,crypto-currently,BTC,,large,spot,0.9
,,w3X_q_qkZmg,https://www.youtube.com/watch?v=w3X_q_qkZmg,I Can't Believe This,youtube/transcripts-top/crypto-currently/undated-i-can-t-believe-this-w3X_q_qkZmg.md,crypto-currently,crypto-currently,ETH,,large,spot,0.9
,,w3X_q_qkZmg,https://www.youtube.com/watch?v=w3X_q_qkZmg,I Can't Believe This,youtube/transcripts-top/crypto-currently/undated-i-can-t-believe-this-w3X_q_qkZmg.md,crypto-currently,crypto-currently,SOL,,medium,spot,0.8
,,w3X_q_qkZmg,https://www.youtube.com/watch?v=w3X_q_qkZmg,I Can't Believe This,youtube/transcripts-top/crypto-currently/undated-i-can-t-believe-this-w3X_q_qkZmg.md,crypto-currently,crypto-currently,USD,,medium,cash,0.7
,,w5Vul76dxZw,https://www.youtube.com/watch?v=w5Vul76dxZw,The Moment Of Truth,youtube/transcripts-top/crypto-currently/undated-the-moment-of-truth.md,crypto-currently,crypto-currently,USD,30.0,large,cash,0.9
,,w5Vul76dxZw,https://www.youtube.com/watch?v=w5Vul76dxZw,The Moment Of Truth,youtube/transcripts-top/crypto-currently/undated-the-moment-of-truth.md,crypto-currently,crypto-currently,BTC,70.0,medium,spot,0.9
,,w5Vul76dxZw,https://www.youtube.com/watch?v=w5Vul76dxZw,The Moment Of Truth,youtube/transcripts-top/crypto-currently/undated-the-moment-of-truth.md,crypto-currently,crypto-currently,USD,30.0,large,cash,0.9
,,wARVfFY_x0M,https://www.youtube.com/watch?v=wARVfFY_x0M,Navigating The Noise,youtube/transcripts-top/crypto-currently/undated-navigating-the-noise.md,crypto-currently,crypto-currently,BTC,,medium,spot,0.9
,,wARVfFY_x0M,https://www.youtube.com/watch?v=wARVfFY_x0M,Navigating The Noise,youtube/transcripts-top/crypto-currently/undated-navigating-the-noise.md,crypto-currently,crypto-currently,USD,,large,cash,0.85
,,wARVfFY_x0M,https://www.youtube.com/watch?v=wARVfFY_x0M,Navigating The Noise,youtube/transcripts-top/crypto-currently/undated-navigating-the-noise.md,crypto-currently,crypto-currently,USD,,large,cash,0.85
,,wx4RSuSbbE0,https://www.youtube.com/watch?v=wx4RSuSbbE0,Don't Be Fooled,youtube/transcripts-top/crypto-currently/undated-don-t-be-fooled.md,crypto-currently,crypto-currently,BTC,,,spot,0.9
,,wx4RSuSbbE0,https://www.youtube.com/watch?v=wx4RSuSbbE0,Don't Be Fooled,youtube/transcripts-top/crypto-currently/undated-don-t-be-fooled.md,crypto-currently,crypto-currently,USD,,,cash,0.5
,,xb1cboIIapA,https://www.youtube.com/watch?v=xb1cboIIapA,The Breakout,youtube/transcripts-top/crypto-currently/undated-the-breakout-xb1cboIIapA.md,crypto-currently,crypto-currently,BTC,,medium,spot,0.9
,,xb1cboIIapA,https://www.youtube.com/watch?v=xb1cboIIapA,The Breakout,youtube/transcripts-top/crypto-currently/undated-the-breakout-xb1cboIIapA.md,crypto-currently,crypto-currently,USD,,small,cash,0.8
,,xb1cboIIapA,https://www.youtube.com/watch?v=xb1cboIIapA,The Breakout,youtube/transcripts-top/crypto-currently/undated-the-breakout-xb1cboIIapA.md,crypto-currently,crypto-currently,USD,,small,cash,0.8
,,xnhx7a_qQu4,https://www.youtube.com/watch?v=xnhx7a_qQu4,Time To Shine,youtube/transcripts-top/crypto-currently/undated-time-to-shine.md,crypto-currently,crypto-currently,USD,,medium,cash,0.7
,,yMCAQ38UjRk,https://www.youtube.com/watch?v=yMCAQ38UjRk,Fighting The Fear,youtube/transcripts-top/crypto-currently/undated-fighting-the-fear.md,crypto-currently,crypto-currently,BTC,,medium,spot,0.9
,,yMCAQ38UjRk,https://www.youtube.com/watch?v=yMCAQ38UjRk,Fighting The Fear,youtube/transcripts-top/crypto-currently/undated-fighting-the-fear.md,crypto-currently,crypto-currently,ETH,,small,spot,0.7
,,yMCAQ38UjRk,https://www.youtube.com/watch?v=yMCAQ38UjRk,Fighting The Fear,youtube/transcripts-top/crypto-currently/undated-fighting-the-fear.md,crypto-currently,crypto-currently,USD,,small,cash,0.5
,,ypkujjTiVrI,https://www.youtube.com/watch?v=ypkujjTiVrI,I'm Selling,youtube/transcripts-top/crypto-currently/undated-i-m-selling.md,crypto-currently,crypto-currently,ETH,,medium,spot,0.7
,,ypkujjTiVrI,https://www.youtube.com/watch?v=ypkujjTiVrI,I'm Selling,youtube/transcripts-top/crypto-currently/undated-i-m-selling.md,crypto-currently,crypto-currently,BTC,,large,spot,0.9
,,ypkujjTiVrI,https://www.youtube.com/watch?v=ypkujjTiVrI,I'm Selling,youtube/transcripts-top/crypto-currently/undated-i-m-selling.md,crypto-currently,crypto-currently,USD,,small,cash,0.9
,,ypkujjTiVrI,https://www.youtube.com/watch?v=ypkujjTiVrI,I'm Selling,youtube/transcripts-top/crypto-currently/undated-i-m-selling.md,crypto-currently,crypto-currently,USD,,small,cash,0.9
,,yqsMimnUZug,https://www.youtube.com/watch?v=yqsMimnUZug,This Happens EVERY Time,youtube/transcripts-top/crypto-currently/undated-this-happens-every-time.md,crypto-currently,crypto-currently,BTC,,large,spot,0.9
,,yqsMimnUZug,https://www.youtube.com/watch?v=yqsMimnUZug,This Happens EVERY Time,youtube/transcripts-top/crypto-currently/undated-this-happens-every-time.md,crypto-currently,crypto-currently,ETH,,medium,spot,0.9
,,yqsMimnUZug,https://www.youtube.com/watch?v=yqsMimnUZug,This Happens EVERY Time,youtube/transcripts-top/crypto-currently/undated-this-happens-every-time.md,crypto-currently,crypto-currently,SOL,,medium,spot,0.9
,,yqsMimnUZug,https://www.youtube.com/watch?v=yqsMimnUZug,This Happens EVERY Time,youtube/transcripts-top/crypto-currently/undated-this-happens-every-time.md,crypto-currently,crypto-currently,USD,,medium,cash,0.7
,,yv-MKyIJoY8,https://www.youtube.com/watch?v=yv-MKyIJoY8,The Bitcoin All Time High Rejection,youtube/transcripts-top/crypto-currently/undated-the-bitcoin-all-time-high-rejection.md,crypto-currently,crypto-currently,BTC,,large,spot,0.9
,,yv-MKyIJoY8,https://www.youtube.com/watch?v=yv-MKyIJoY8,The Bitcoin All Time High Rejection,youtube/transcripts-top/crypto-currently/undated-the-bitcoin-all-time-high-rejection.md,crypto-currently,crypto-currently,ETH,,large,spot,0.9
,,yv-MKyIJoY8,https://www.youtube.com/watch?v=yv-MKyIJoY8,The Bitcoin All Time High Rejection,youtube/transcripts-top/crypto-currently/undated-the-bitcoin-all-time-high-rejection.md,crypto-currently,crypto-currently,SOL,,medium,spot,0.7
,,yv-MKyIJoY8,https://www.youtube.com/watch?v=yv-MKyIJoY8,The Bitcoin All Time High Rejection,youtube/transcripts-top/crypto-currently/undated-the-bitcoin-all-time-high-rejection.md,crypto-currently,crypto-currently,USD,,medium,cash,0.8
2025-10-04,portfolio,zA4_D4-AHq4,https://www.youtube.com/watch?v=zA4_D4-AHq4,The Endgame,youtube/transcripts-top/crypto-currently/undated-the-endgame.md,crypto-currently,crypto-currently,USD,,large,cash,0.9
2025-10-04,portfolio,zA4_D4-AHq4,https://www.youtube.com/watch?v=zA4_D4-AHq4,The Endgame,youtube/transcripts-top/crypto-currently/undated-the-endgame.md,crypto-currently,crypto-currently,USD,,large,cash,0.9
